country,ISO,y2012,y2013,y2014,y2015,y2016,y2017,y2018,y2019,y2020,y2021,y2022,COUNTRYDATA,PR,CL,development,gdp_pc_ppp,region,region9,oecd,OVERALLINTEGRITY,PEIIndexp,PEIIndexi,rating,LAWS,lawsunfair,lawsunfair2,favoredincumbent,favoredincumbent2,citizens,citizens2,laws,lawsi,PROCEDURES,managed,votinginfo,fairofficials,legalelections,procedures,proceduresi,BOUNDARIES,bdiscrim,bdiscrim2,bfavored,bfavored2,bimpartial,boundaries,boundariesi,VOTERREGISTRATION,reglisted,reglisted2,reginaccurate,reginaccurate2,ineligible,ineligible2,votereg,voteregi,PARTYREGISTRATION,oppprevent,oppprevent2,womenopp,minorityopp,leaderselect,leaderselect2,rallies,rallies2,partyreg,partyregi,MEDIACOVERAGE,newspapers,tv,tv2,fairaccess,faircoverage,socialmedia,media,mediai,CAMPAIGNFINANCE,subsidies,donations,accounts,rich,rich2,resources,resources2,finance,financei,VOTINGPROCESS,violence,violence2,fraudulent,fraudulent2,easy,choice,postal,disabled,expats,internet,voting,votingi,VOTECOUNT,secure,delay,faircount,intlmonitors,intlmonitors2,domesticmonitors,domesticmonitors2,count,counti,VOTINGRESULTS,challenged,challenged2,protestspeace,protestspeace2,protestsviolent,protestsviolent2,disputes,results,resultsi,ELECTIONAUTHORITIES,impartial,info,scrutiny,performance,EMBs,EMBsi,GENERALQUESTIONS,important,ORGCONFIDENCE,courts,government,parliament,armedforces,electoralauth,ROTATING,bribed,bribed2,freetovote,fearviolence,fearviolence2,ballotconfidential,freefairelect,cashforvotes,cashforvotes2,patronage,patronage2,audit,hacking,campaignnews,govtnews,fakenews,fakenews2,hatespeech,hatespeech2,informedchoices,foreigninterference,foreigninterference2,mediamonitors,cyberattacks,cyberattacks2,diversenews,journalisticstandards,partisanjournalists,partisanjournalists2,fakesocial,fakesocial2,PEItype
Afghanistan,AFG,Rest,Rest,2014,Rest,Rest,Rest,2018,2019,Rest,Rest,Rest,,5,6,1,1944,3,East Asia & Oceania,0,,,35,3,,3,3,4,2,3,3,54,42,,2,3,2,2,32,28,,3,3,3,3,3,46,49,,5,1,4,2,4,2,22,19,,3,3,3,3,3,3,3,3,56,50,,3,3,3,3,4,5,71,68,,2,2,2,4,2,4,2,28,23,,5,1,5,1,3,4,1,2,1,1,25,25,,2,1,2,3,3,3,3,30,26,,5,1,4,2,3,3,2,31,27,,2,3,2,2,33,26,,2,,3,3,3,5,3,,4,2,,,,,,,,,,,,,,2,4,3,3,4,4,2,4,2,4,4,4,3,3,4,2,Very Low
Angola,AGO,2012,Rest,Rest,Rest,Rest,2017,Rest,Rest,Rest,Rest,2022,,6,5,2,6140,1,Eastern & Southern Africa,0,,33,36,4,,4,2,4,2,3,3,35,31,,2,3,2,2,37,33,,3,3,3,3,3,48,52,,4,2,4,2,4,2,29,26,,3,3,3,3,4,2,3,3,49,41,,1,4,2,2,2,4,37,32,,2,2,2,4,2,4,2,31,28,,3,3,4,2,3,4,2,3,3,1,46,42,,2,3,2,4,2,4,2,41,36,,4,2,4,2,2,4,3,43,41,,2,3,2,2,44,32,,2,,3,3,3,4,3,,4,2,,,,3,,,,,,2,2,3,2,3,3,,,,,,,,,,,,,,,Very Low
Albania,ALB,Rest,2013,Rest,Rest,Rest,2017,Rest,Rest,Rest,2021,Rest,,3,3,3,12678,4,Eastern Europe & Central Asia,0,,46,50,6,,4,2,4,2,3,3,39,32,,3,4,3,3,61,49,,4,2,3,3,3,41,50,,2,4,2,4,3,3,65,70,,2,4,3,4,5,1,3,3,53,53,,2,4,2,3,2,4,44,41,,3,3,2,4,2,4,2,33,30,,3,3,4,2,4,4,3,3,2,2,47,45,,4,3,3,2,4,2,4,68,64,,3,3,2,4,2,4,3,67,67,,3,4,3,3,58,55,,3,,3,4,4,5,5,,4,2,,,,4,,,,,,3,4,3,3,3,3,,,,,,,,,,,,,,,Low
Argentina,ARG,Rest,2013,Rest,2015,Rest,2017,Rest,2019,Rest,2021,Rest,,2,2,3,21212,2,Americas,0,,64,67,8,,2,4,2,4,2,4,77,75,,4,4,4,4,83,81,,2,4,2,4,3,71,66,,2,4,2,4,2,4,74,69,,1,5,4,4,3,3,2,4,74,68,,3,3,3,4,3,3,52,51,,3,3,2,2,4,4,2,46,42,,2,4,2,4,4,4,2,3,4,1,59,63,,4,4,4,2,4,2,4,80,78,,2,4,2,4,1,5,4,81,83,,4,4,4,4,74,71,,2,,5,5,5,4,7,,2,4,,,,4,,,,,,3,4,3,3,3,3,3,3,4,3,3,3,2,4,4,3,4,2,4,2,High
Armenia,ARM,Rest,2013,Rest,Rest,Rest,2017,2018,Rest,Rest,2021,Rest,,5,4,3,10051,4,Eastern Europe & Central Asia,0,,50,58,6,,3,3,3,3,2,4,62,60,,4,4,3,3,66,62,,2,4,3,3,3,63,60,,3,3,3,3,3,3,58,53,,2,4,3,3,3,3,2,4,63,62,,3,3,3,3,3,4,61,60,,3,3,3,3,3,4,2,43,45,,3,3,3,3,4,4,2,3,2,2,45,49,,4,4,3,2,4,2,4,72,71,,3,3,3,3,2,4,3,62,59,,3,4,3,3,63,60,,2,,4,5,5,6,5,,3,3,,,,3,,,,,,3,3,3,2,3,3,3,3,4,2,4,3,2,4,3,3,3,3,3,3,Moderate
Antigua and Barbuda,ATG,Rest,Rest,Rest,Rest,Rest,Rest,2018,Rest,Rest,Rest,Rest,,2,2,4,21491,2,Americas,0,,,48,6,,4,3,4,3,2,4,50,50,,4,4,4,4,72,72,,4,3,4,3,3,38,38,,4,2,4,2,,,,53,,2,4,3,3,5,1,3,3,43,43,,4,5,1,2,3,5,45,44,,1,1,1,5,1,5,2,0,4,,2,5,4,2,4,4,1,1,1,1,31,39,,,5,4,2,4,2,4,,79,,3,4,2,5,2,5,4,63,79,,2,4,2,3,41,41,,2,,7,3,3,3,4,,5,1,,,,,,,,,,,,,,2,4,2,4,1,4,2,3,2,4,2,3,4,2,3,4,Low
Australia,AUS,Rest,2013,Rest,Rest,2016,Rest,Rest,2019,Rest,Rest,2022,,1,1,4,50122,5,East Asia & Oceania,1,,72,70,9,,3,3,3,3,2,4,65,63,,5,4,5,5,91,91,,2,4,2,4,4,74,72,,3,3,2,4,2,4,67,58,,1,5,4,3,2,4,2,4,74,75,,2,3,3,3,3,3,45,42,,3,3,3,3,3,3,3,50,52,,1,5,2,4,4,4,5,4,4,2,77,75,,4,4,4,2,4,2,4,86,77,,3,3,2,4,1,5,4,78,78,,4,4,4,4,84,84,,2,,8,7,7,7,9,,2,4,4,1,5,5,5,1,5,2,4,,,,,3,3,3,3,2,3,3,4,2,4,3,3,4,2,4,2,High
Austria,AUT,Rest,2013,Rest,Rest,2016,2017,Rest,2019,Rest,Rest,2022,,1,1,4,51637,4,Europe,1,,74,79,9,,2,4,2,4,1,5,85,78,,4,5,5,5,89,88,,1,5,1,5,4,84,72,,2,4,2,4,2,4,86,85,,1,5,4,4,3,3,1,5,77,77,,3,2,4,4,4,2,60,60,,4,3,3,2,4,2,4,67,65,,1,5,1,5,5,5,5,5,5,1,82,83,,5,5,5,1,5,1,5,93,93,,2,4,2,4,1,5,4,77,80,,5,4,4,4,87,86,,2,,9,7,8,7,9,,1,5,4,2,4,5,5,1,5,2,4,2,4,4,4,2,4,3,4,4,1,5,5,1,5,4,4,3,3,3,4,Very High
Azerbaijan,AZE,Rest,2013,Rest,2015,Rest,Rest,2018,Rest,2020,Rest,Rest,,7,6,3,16319,4,Eastern Europe & Central Asia,0,,36,36,2,,3,3,4,2,3,3,43,36,,2,3,1,2,38,31,,3,3,3,3,3,60,53,,3,3,4,2,3,3,44,43,,4,2,3,3,3,3,4,2,46,39,,2,4,2,2,2,4,35,28,,2,2,2,4,2,4,2,32,26,,3,3,4,2,3,2,3,3,4,1,44,40,,2,4,2,4,2,4,2,45,38,,3,3,2,4,2,4,2,59,49,,2,3,2,2,29,21,,1,,2,2,2,4,2,,3,3,,,,,,,,,,,,,,2,4,3,3,2,2,4,3,1,5,2,2,4,3,4,3,Very Low
Burundi,BDI,Rest,Rest,Rest,2015,Rest,Rest,Rest,Rest,2020,Rest,Rest,,7,6,1,788,1,Eastern & Southern Africa,0,,,27,2,,3,3,4,2,3,3,43,36,,2,2,2,2,32,23,,4,2,4,2,2,37,35,,4,2,4,2,4,2,37,26,,4,2,3,3,4,2,4,2,42,28,,2,4,2,1,2,3,35,29,,1,1,2,3,3,5,1,29,13,,4,2,4,2,3,2,2,2,3,2,37,26,,2,3,2,4,2,4,2,33,38,,5,1,3,3,4,2,2,40,27,,2,3,2,2,34,23,,1,,3,2,3,5,3,,4,2,,,,,,,,,,,,,,,,,,,,,,,,,,,,,,Very Low
Belgium,BEL,Rest,Rest,2014,Rest,Rest,Rest,Rest,2019,Rest,Rest,Rest,,1,1,4,49537,4,Europe,1,,63,73,9,,3,3,2,4,2,4,71,67,,4,4,5,5,89,88,,2,4,2,4,3,66,64,,2,4,2,4,2,4,80,71,,2,4,4,4,3,3,2,4,75,71,,4,2,4,3,4,2,57,63,,3,4,3,2,4,2,4,73,64,,2,4,1,5,4,4,3,4,4,2,73,70,,4,4,4,2,4,2,4,84,81,,2,4,2,4,1,5,4,80,81,,4,4,4,4,82,85,,2,,8,7,7,7,9,,1,5,,,,,,,,,,,,,,2,4,3,3,4,2,4,3,1,5,4,3,3,4,3,3,Very High
Benin,BEN,Rest,Rest,Rest,2015,2016,Rest,Rest,2019,Rest,2021,Rest,,3,2,2,2875,1,West Africa,0,,58,55,6,,3,3,3,3,2,4,60,54,,3,4,4,4,70,67,,2,4,2,4,3,71,65,,4,2,3,3,2,4,52,41,,3,3,4,4,4,2,2,4,58,58,,3,3,3,3,3,4,50,52,,3,3,2,4,2,4,2,34,31,,2,4,4,2,4,4,3,3,3,1,49,46,,4,4,4,1,5,1,5,84,74,,3,3,3,3,2,4,3,59,60,,4,4,3,4,66,67,,1,,6,5,5,7,7,,4,2,4,2,4,5,4,4,2,4,2,,,,,3,3,3,3,3,1,5,3,2,5,2,2,3,3,4,2,Moderate
Burkina Faso,BFA,2012,Rest,Rest,2015,Rest,Rest,Rest,Rest,2020,Rest,Rest,,4,3,1,1825,1,West Africa,0,,70,49,7,,3,3,3,3,2,4,63,58,,3,4,3,4,67,63,,3,3,3,3,2,52,46,,3,3,3,3,2,4,62,41,,3,3,2,4,4,2,2,4,57,53,,4,3,3,3,4,4,70,53,,2,2,2,4,2,4,2,36,23,,2,4,4,2,3,3,2,3,2,1,53,38,,4,4,3,2,4,2,4,76,65,,3,3,3,3,2,4,4,72,55,,4,4,3,4,67,51,,1,,5,4,4,4,6,,5,2,,,,,,,,,,,,,,,,,,,,,,,,,,,,,,Low
Bangladesh,BGD,Rest,Rest,2014,Rest,Rest,Rest,Rest,Rest,Rest,Rest,Rest,,4,4,2,3132,3,South Asia,0,,31,38,3,,3,3,4,2,3,3,49,42,,3,3,3,3,55,46,,3,3,4,2,3,52,42,,3,3,3,3,3,3,58,46,,3,3,3,3,4,2,4,2,49,38,,3,3,3,3,3,3,57,49,,2,2,2,4,2,4,2,35,23,,5,1,5,1,3,2,3,2,2,2,40,26,,3,3,2,3,3,3,3,59,49,,4,2,3,3,3,3,2,45,40,,2,3,2,2,43,36,,3,,4,3,3,5,3,,,,,,,,,,,,,,,,,,,,,,,,,,,,,,,,,Very Low
Bulgaria,BGR,Rest,2013,2014,Rest,2016,2017,Rest,Rest,Rest,2021,2022,,2,2,3,22482,4,Eastern Europe & Central Asia,0,,53,61,7,,2,4,2,4,2,4,68,63,,4,4,4,4,72,70,,2,4,2,4,3,65,66,,3,3,4,2,3,3,50,46,,2,4,4,4,4,2,2,4,69,70,,2,3,3,3,3,3,49,46,,3,3,2,3,3,4,2,47,46,,2,4,4,2,4,4,2,4,4,1,53,57,,4,4,4,2,4,2,4,81,75,,2,4,2,4,1,5,4,75,75,,4,4,3,4,66,68,,3,,4,5,5,5,6,,4,2,4,2,4,4,4,4,2,4,2,2,3,3,3,3,3,,,,,,,,,,,,,,,High
Bahrain,BHR,Rest,Rest,2014,Rest,Rest,Rest,2018,Rest,Rest,Rest,2022,,7,6,4,48094,3,Middle East,0,,37,41,3,,4,2,4,2,4,2,31,24,,3,3,2,3,48,52,,5,2,3,3,2,27,36,,4,2,4,2,4,2,38,31,,4,2,3,3,4,2,4,2,38,38,,2,4,2,2,2,3,41,35,,2,2,2,3,3,4,2,32,29,,3,3,4,2,3,2,3,4,4,2,56,46,,4,4,3,4,2,4,2,56,52,,3,3,3,3,3,3,3,55,57,,2,3,2,3,40,36,,2,,4,3,3,4,3,,4,3,,,,,,,,,,,,,,4,3,4,2,2,4,2,3,3,3,2,2,4,3,4,2,Low
Bahamas,BHS,Rest,Rest,Rest,Rest,Rest,2017,Rest,Rest,Rest,2021,Rest,,1,1,4,30913,2,Americas,0,,48,55,7,,3,3,3,3,3,3,49,41,,3,3,4,4,62,65,,3,3,3,3,2,39,45,,4,2,4,2,3,3,32,43,,2,4,2,3,3,3,2,4,47,52,,3,3,3,3,3,3,45,54,,2,3,2,4,2,4,2,34,31,,2,4,3,3,3,3,2,2,4,1,48,50,,4,4,4,2,4,2,4,73,74,,2,4,2,4,1,5,4,78,78,,4,4,4,3,63,66,,2,,7,6,6,6,7,,4,2,,,,3,,,,,,3,4,4,3,3,4,,,,,,,,,,,,,,,Moderate
Bosnia,BIH,Rest,Rest,2014,Rest,Rest,Rest,2018,Rest,Rest,Rest,2022,,4,4,3,13434,4,Eastern Europe & Central Asia,0,,41,51,5,,3,3,3,3,4,2,46,42,,3,4,3,3,56,58,,3,3,3,3,3,44,51,,3,3,4,2,4,2,41,43,,2,4,4,2,4,2,2,4,55,54,,2,3,3,3,3,4,45,48,,3,3,2,3,3,4,2,36,36,,3,3,4,2,3,3,4,4,4,1,55,53,,3,3,3,2,4,2,4,57,60,,4,2,3,3,2,4,3,55,67,,3,3,3,3,50,50,,4,,4,3,3,5,5,,5,2,,,,,,,,,,,,,,4,2,4,2,3,4,2,3,2,4,3,2,4,2,4,2,Moderate
Belarus,BLR,2012,Rest,Rest,2015,2016,Rest,Rest,2019,2020,Rest,Rest,,7,6,3,18908,4,Eastern Europe & Central Asia,0,,31,36,2,,4,2,4,2,4,2,35,25,,3,3,1,2,38,34,,3,3,3,3,3,64,57,,4,2,4,2,4,2,38,42,,5,1,3,3,3,3,4,2,44,37,,1,5,1,2,2,4,29,30,,2,2,2,2,4,5,1,37,30,,3,3,5,1,4,2,2,4,4,1,52,42,,2,4,1,4,2,5,1,33,26,,4,2,3,3,2,4,2,49,44,,1,3,2,2,32,26,,1,,3,3,2,4,2,,3,3,3,3,3,4,3,3,3,3,3,,,,,4,2,2,4,1,3,4,4,2,5,1,1,5,2,1,5,Very Low
Belize,BLZ,Rest,Rest,Rest,2015,Rest,Rest,Rest,Rest,Rest,Rest,Rest,,1,2,3,8583,2,Americas,0,,,53,7,,4,2,4,2,2,4,52,42,,4,3,4,4,70,62,,4,2,4,2,3,49,42,,4,3,3,3,4,2,60,42,,2,4,3,3,3,3,2,4,71,58,,3,3,3,3,3,3,70,54,,2,2,2,4,3,4,2,30,30,,2,4,3,3,4,4,2,2,3,1,45,50,,4,4,4,2,4,3,3,84,67,,3,3,3,4,2,4,3,68,64,,4,4,4,4,77,70,,2,,6,5,5,6,6,,,,,,,,,,,,,,,,,,,,,,,,,,,,,,,,,Moderate
Bolivia,BOL,Rest,Rest,2014,Rest,Rest,Rest,Rest,2019,2020,Rest,Rest,,3,3,2,8013,2,Americas,0,,44,53,6,,3,3,3,3,2,4,62,53,,3,4,3,3,64,59,,3,3,3,3,3,55,53,,3,3,3,3,3,3,56,57,,3,3,4,4,3,3,3,3,66,58,,3,3,3,3,3,3,54,51,,2,3,2,3,3,4,2,37,40,,3,3,3,3,4,4,3,3,4,2,53,55,,3,2,3,2,4,2,4,61,56,,3,3,3,3,3,3,3,49,51,,3,4,3,3,53,53,,1,,4,5,5,4,5,,3,3,,,,,,,,,,,,,,3,3,4,2,3,3,3,4,2,4,3,3,4,2,4,2,Moderate
Brazil,BRA,Rest,Rest,2014,Rest,Rest,Rest,2018,Rest,Rest,Rest,2022,,2,3,3,15589,2,Americas,0,,64,67,8,,2,4,2,4,1,5,80,78,,4,5,4,4,87,86,,2,4,2,4,4,76,71,,2,4,1,5,1,5,90,79,,2,4,3,3,3,3,2,4,57,58,,3,2,4,3,3,3,55,52,,3,3,3,3,3,4,2,44,42,,3,3,2,4,4,4,2,4,5,1,59,64,,5,5,5,1,5,1,5,91,90,,3,3,3,3,3,3,3,55,53,,4,4,4,4,83,82,,1,,6,5,5,3,8,,3,3,,,,,,,,,,,,,,4,2,3,3,3,4,2,3,3,3,4,2,4,2,5,1,High
Barbados,BRB,Rest,2013,Rest,Rest,Rest,Rest,2018,Rest,Rest,Rest,2022,,1,1,4,15986,2,Americas,0,,62,65,7,,2,4,3,3,2,4,67,65,,4,4,4,4,73,75,,2,4,2,4,4,68,77,,3,3,3,3,2,4,60,46,,1,5,4,4,3,3,2,4,70,72,,4,4,2,3,3,3,50,58,,2,2,2,3,3,4,2,32,43,,2,4,3,3,4,4,4,3,3,1,44,61,,4,4,5,2,4,2,4,86,80,,2,4,2,4,1,5,3,86,74,,4,4,3,4,73,71,,2,,7,6,6,6,7,,4,2,,,,,,,,,,,,,,2,4,4,2,4,3,4,3,1,5,3,3,2,4,4,2,High
Bhutan,BTN,Rest,2013,Rest,Rest,Rest,Rest,2018,Rest,Rest,Rest,Rest,,3,4,2,8013,3,South Asia,0,,38,66,7,,3,3,2,4,3,3,64,62,,4,4,4,4,79,78,,2,4,2,4,3,67,62,,3,3,2,4,2,4,70,58,,3,3,3,3,4,3,2,4,60,53,,3,2,4,4,4,4,67,66,,4,3,3,2,4,3,3,58,59,,2,4,2,4,4,4,4,3,4,2,67,63,,4,4,4,2,4,2,4,76,74,,2,4,2,4,1,5,4,79,77,,4,4,3,4,76,73,,2,,6,6,7,6,7,,2,4,,,,,,,,,,,,,,2,4,3,3,4,3,3,4,2,4,4,3,3,3,4,2,High
Botswana,BWA,Rest,Rest,2014,Rest,Rest,Rest,Rest,2019,Rest,Rest,Rest,,3,2,3,16931,1,Eastern & Southern Africa,0,,59,58,8,,4,2,4,2,3,3,48,30,,4,4,4,4,86,81,,3,3,3,3,3,56,41,,3,3,2,4,2,4,71,54,,2,4,3,3,2,4,2,4,70,68,,3,4,2,3,3,3,47,50,,2,2,2,3,3,4,2,34,26,,2,4,2,4,4,4,2,3,4,1,65,62,,4,4,4,2,4,2,4,80,75,,3,3,3,3,1,5,4,70,69,,4,4,3,4,72,72,,2,,8,6,6,7,8,,2,4,,,,,,,,,,,,,,3,3,3,3,4,3,3,4,2,4,4,4,4,2,4,2,Moderate
Central African Republic,CAF,Rest,Rest,Rest,Rest,2016,Rest,Rest,Rest,2020,Rest,Rest,,7,7,1,844,1,West Africa,0,,18,43,5,,3,3,4,3,3,3,39,61,,2,2,3,3,38,37,,4,2,4,2,3,38,46,,4,2,4,2,4,3,21,31,,4,2,2,2,4,2,4,2,31,28,,3,4,2,3,3,3,45,41,,2,2,2,4,2,3,3,18,33,,4,2,4,2,3,3,2,2,3,2,25,40,,4,3,3,2,4,3,3,58,59,,4,2,2,5,3,3,3,47,61,,4,3,3,3,52,49,,1,,6,4,5,3,5,,3,3,4,4,2,4,4,4,3,4,2,,,,,,,,,,,,,,,,,,,,,Low
Canada,CAN,Rest,Rest,Rest,2015,Rest,Rest,Rest,2019,Rest,2021,Rest,,1,1,4,48530,2,Americas,1,,87,79,9,,3,3,3,3,2,4,64,61,,5,5,5,5,94,92,,2,4,2,4,4,81,80,,3,3,2,4,2,4,73,66,,1,5,4,4,2,4,1,5,83,75,,4,2,4,4,4,3,71,70,,4,4,4,2,4,2,4,79,73,,1,5,2,4,5,5,5,5,4,1,81,78,,5,5,5,1,5,1,5,94,93,,2,4,2,4,1,5,5,91,85,,5,5,5,5,94,93,,2,,9,8,8,7,9,,1,5,,,,,,,,,,,,,,1,5,3,3,4,3,3,4,3,3,3,5,2,4,4,2,Very High
Switzerland,CHE,Rest,Rest,Rest,2015,Rest,Rest,Rest,2019,Rest,Rest,Rest,,1,1,4,67267,4,Europe,1,,,80,9,,2,4,2,4,1,5,84,82,,5,5,5,5,96,94,,2,4,1,5,3,72,71,,1,5,1,5,1,5,97,85,,1,5,4,4,2,4,1,5,86,82,,4,2,4,4,4,2,76,69,,4,2,1,2,4,1,5,72,46,,1,5,1,5,4,4,5,3,4,3,81,77,,5,5,5,1,5,1,5,96,96,,1,5,1,5,1,5,4,93,94,,5,5,5,5,97,95,,2,,9,8,8,6,9,,1,5,,,,,,,,,,,,,,1,5,1,5,5,3,3,5,3,3,3,4,2,4,2,4,Very High
Chile,CHL,Rest,2013,Rest,Rest,Rest,2017,Rest,Rest,Rest,2021,Rest,,1,1,4,25888,2,Americas,1,,74,74,9,,2,4,2,4,2,4,79,76,,5,5,5,5,93,92,,2,4,2,4,4,69,64,,2,4,2,4,3,3,67,68,,1,5,4,3,3,3,1,5,74,71,,3,2,4,4,3,3,60,58,,4,3,3,2,4,3,3,68,60,,1,5,2,4,4,4,1,4,4,1,62,65,,5,5,5,2,4,2,4,90,92,,1,5,1,5,1,5,4,91,90,,5,5,5,5,91,89,,1,,7,7,6,6,9,,2,4,,,,5,,,,,,4,4,4,4,2,4,,,,,,,,,,,,,,,Very High
Côte D'Ivoire,CIV,Rest,Rest,Rest,2015,2016,Rest,Rest,Rest,2020,2021,Rest,,5,4,2,4647,1,West Africa,0,,44,47,6,,3,3,3,3,3,3,54,54,,3,3,3,4,52,50,,3,3,3,3,2,46,45,,4,2,3,3,3,3,46,43,,3,3,3,3,4,2,3,3,49,46,,3,4,2,2,3,3,43,41,,2,2,1,3,3,4,2,25,24,,3,3,4,2,3,4,2,2,3,2,44,47,,4,3,3,2,4,2,4,66,63,,4,2,2,4,2,4,4,60,58,,3,4,2,3,46,44,,1,,4,5,5,4,5,,4,2,3,3,3,3,3,4,2,4,2,,,,,,,,,,,,,,,,,,,,,Low
Cameroon,CMR,Rest,2013,Rest,Rest,Rest,Rest,2018,Rest,2020,Rest,Rest,,6,6,2,3382,1,West Africa,0,,30,37,4,,4,2,4,2,3,3,34,30,,2,3,2,3,44,44,,4,2,4,2,2,29,45,,4,2,4,2,3,3,34,28,,3,3,3,3,4,2,4,2,43,39,,2,4,2,2,2,3,36,28,,2,1,1,4,2,4,2,19,13,,4,2,4,2,3,3,1,2,3,1,34,39,,3,3,3,3,3,3,3,51,49,,4,2,4,2,3,3,3,40,37,,2,3,3,3,48,45,,2,,4,3,4,4,4,,4,2,,,,,,,,,,,,,,4,2,4,3,3,3,3,3,2,4,3,2,4,2,4,2,Very Low
"Congo,  Republic of",COG,2012,Rest,Rest,Rest,2016,2017,Rest,Rest,Rest,2021,2022,,7,5,2,4628,1,West Africa,0,,34,28,2,,4,2,4,2,4,2,30,24,,2,3,2,2,30,25,,3,3,4,2,3,42,43,,4,2,4,2,4,2,34,19,,4,2,3,2,4,2,4,2,37,32,,2,5,1,2,2,4,33,28,,1,1,1,4,2,5,1,14,16,,3,3,4,2,3,3,2,2,2,1,36,30,,2,3,1,3,3,3,3,39,29,,4,2,3,3,3,3,2,43,44,,2,2,2,2,28,18,,2,,3,2,2,3,3,,4,2,3,4,2,3,1,4,2,4,2,,,3,3,4,2,,,,,,,,,,,,,,,Very Low
Colombia,COL,Rest,Rest,2014,Rest,Rest,Rest,2018,Rest,Rest,Rest,2022,,3,3,3,14490,2,Americas,0,,62,61,7,,2,4,3,3,2,4,69,64,,4,4,4,4,73,72,,2,4,2,4,4,71,63,,3,3,3,3,3,3,53,46,,2,4,3,3,2,4,3,3,61,60,,3,3,3,3,3,4,60,57,,3,3,2,3,3,3,3,50,43,,3,3,4,2,3,4,3,3,4,2,55,52,,4,4,4,2,4,2,4,75,74,,2,4,2,4,1,5,4,79,78,,3,4,4,3,68,67,,2,,7,5,4,5,6,,3,3,,,,,,,,,,,,,,3,3,4,2,4,4,2,3,3,3,4,3,3,3,4,2,High
Comoros,COM,Rest,Rest,Rest,2015,2016,Rest,Rest,2019,Rest,Rest,Rest,,3,4,1,2072,1,Eastern & Southern Africa,0,,16,34,4,,2,4,3,3,2,4,66,50,,3,3,3,2,41,39,,4,2,2,4,2,47,47,,5,1,4,2,4,2,21,19,,3,3,3,3,4,2,4,2,26,39,,2,3,3,3,3,3,45,43,,1,2,2,4,2,5,1,10,17,,4,2,4,2,3,2,1,1,1,1,22,21,,3,3,2,2,4,2,4,52,48,,4,2,4,2,3,3,3,33,30,,2,3,2,2,36,32,,1,,3,3,3,3,4,,5,1,2,4,2,3,3,3,4,3,4,,,,,3,3,1,5,1,1,5,1,1,5,5,1,4,2,3,3,Very Low
Cape Verde,CPV,Rest,Rest,Rest,Rest,2016,Rest,Rest,Rest,Rest,2021,Rest,,1,1,2,6791,1,West Africa,0,,68,68,8,,2,4,2,4,1,5,79,74,,4,4,5,4,87,75,,2,4,2,4,4,76,57,,3,3,2,4,2,4,69,65,,2,4,4,4,3,3,2,4,73,66,,4,3,3,4,4,3,64,65,,3,3,2,2,4,3,3,48,44,,1,5,2,4,4,4,3,3,4,2,62,67,,4,4,4,2,4,2,4,86,80,,2,4,2,4,1,5,4,88,79,,4,4,4,4,76,76,,2,,7,7,7,7,8,,3,3,4,2,4,4,4,3,3,3,3,,,,,,,,,,,,,,,,,,,,,High
Costa Rica,CRI,Rest,Rest,2014,Rest,Rest,Rest,2018,Rest,Rest,Rest,2022,,1,1,3,19331,2,Americas,0,,79,75,10,,2,4,1,5,2,4,82,74,,5,5,5,5,96,95,,1,5,2,4,4,86,72,,1,5,1,5,1,5,92,80,,1,5,4,3,2,4,2,4,77,69,,3,2,4,3,3,2,46,54,,3,3,3,3,3,3,3,54,45,,1,5,1,5,4,4,2,5,4,2,75,73,,5,5,5,1,5,1,5,96,90,,1,5,1,5,1,5,5,93,92,,5,5,4,5,91,91,,1,,8,6,6,4,9,,2,4,,,,,,,,,,,,,,2,4,3,3,4,4,2,4,3,3,4,3,3,3,4,2,Very High
Cyprus,CYP,Rest,2013,Rest,Rest,2016,Rest,2018,Rest,Rest,2021,Rest,,1,1,4,34541,4,Europe,0,,73,73,9,,2,4,2,4,2,4,77,75,,4,4,5,5,89,87,,2,4,2,4,3,68,69,,3,3,2,4,1,5,77,74,,1,5,4,3,3,3,1,5,72,70,,3,3,3,4,3,3,55,51,,3,2,2,3,3,3,3,45,54,,1,5,2,4,5,4,3,4,4,1,73,70,,5,5,5,1,5,2,4,91,89,,1,5,1,5,1,5,3,86,89,,4,4,4,4,83,81,,1,,7,5,5,5,8,,2,4,4,2,4,4,4,3,3,4,2,,,,,2,4,3,3,3,2,4,3,1,5,3,3,4,2,3,3,Very High
Czech Republic,CZE,2012,2013,Rest,Rest,Rest,2017,2018,Rest,Rest,2021,2022,,1,1,4,34941,4,Eastern Europe & Central Asia,1,,80,76,9,,2,4,2,4,1,5,85,81,,4,5,5,5,88,87,,2,4,1,5,4,82,74,,1,5,1,5,1,5,92,87,,1,5,4,4,2,4,1,5,83,78,,3,2,4,4,3,2,61,59,,4,4,3,2,4,2,4,67,61,,1,5,1,5,4,5,2,4,4,1,68,69,,5,5,5,1,5,1,5,92,90,,2,4,2,4,1,5,4,84,82,,4,5,4,4,86,82,,2,,8,6,6,8,8,,2,4,,,,4,,,,,,4,4,4,3,3,3,4,2,3,4,2,4,2,4,4,3,4,2,4,2,Very High
Germany,DEU,Rest,2013,Rest,Rest,Rest,2017,Rest,Rest,Rest,2021,Rest,,1,1,4,49463,4,Europe,1,,84,81,9,,2,4,2,4,1,5,83,82,,5,5,5,5,92,92,,2,4,2,4,4,81,72,,2,4,1,5,2,4,89,80,,1,5,4,4,2,4,2,4,81,80,,4,2,4,4,4,2,64,69,,4,3,4,2,4,3,3,72,70,,1,5,1,5,4,5,5,4,4,1,79,79,,5,5,5,1,5,1,5,94,95,,1,5,2,4,1,5,4,85,87,,5,4,4,5,89,85,,2,,9,8,8,7,9,,1,5,,,,5,,,,,,4,4,4,4,2,4,,,,,,,,,,,,,,,Very High
Djibouti,DJI,Rest,2013,Rest,Rest,2016,Rest,2018,Rest,Rest,2021,Rest,,6,5,2,3897,1,Eastern & Southern Africa,0,,33,33,3,,4,2,5,1,4,2,25,21,,3,3,2,3,40,39,,4,2,4,2,2,33,45,,4,2,4,2,4,2,30,29,,4,2,2,3,4,2,4,2,30,28,,2,5,1,2,2,3,32,28,,2,2,2,4,2,4,2,21,17,,3,3,4,2,3,3,2,2,2,2,36,36,,2,3,2,3,3,4,2,39,41,,4,2,3,3,3,3,3,47,45,,2,3,2,3,35,31,,1,,3,3,3,3,2,,3,3,3,3,3,4,2,4,2,4,2,,,,,3,4,2,4,2,5,2,2,3,3,2,2,4,2,3,3,Very Low
Denmark,DNK,Rest,Rest,Rest,2015,Rest,Rest,Rest,2019,Rest,Rest,2022,,1,1,4,57444,4,Europe,1,,90,87,10,,1,5,1,5,1,5,90,90,,5,5,5,5,97,97,,1,5,1,5,5,92,80,,1,5,1,5,1,5,95,92,,1,5,5,4,2,4,1,5,90,90,,4,2,4,4,4,2,68,75,,4,3,3,2,4,1,5,70,82,,1,5,1,5,5,5,5,5,3,1,80,78,,5,5,5,1,5,1,5,97,95,,1,5,1,5,1,5,4,89,92,,5,5,5,5,95,94,,2,,10,8,9,9,10,,2,4,,,,,,,,,,,,,,1,5,3,3,4,1,5,3,1,5,4,4,2,4,3,3,Very High
Dominican Republic,DOM,Rest,Rest,Rest,Rest,2016,Rest,Rest,Rest,2020,Rest,Rest,,3,3,3,16572,2,Americas,0,,,56,7,,3,3,3,3,2,4,59,58,,3,3,4,4,63,63,,2,5,2,4,4,85,72,,3,3,2,4,2,4,67,57,,2,4,4,3,3,3,2,4,64,62,,3,3,3,2,3,3,42,55,,2,2,2,3,3,4,2,28,28,,2,4,4,2,4,4,1,2,4,1,43,50,,3,3,3,2,4,2,4,68,66,,3,3,3,3,2,4,4,61,61,,3,4,3,3,56,56,,1,,5,5,5,5,6,,4,2,3,3,3,4,3,4,2,5,2,,,,,,,,,,,,,,,,,,,,,Moderate
Algeria,DZA,Rest,Rest,2014,Rest,Rest,2017,Rest,2019,Rest,Rest,Rest,,6,5,3,13375,1,North Africa,0,,44,45,4,,4,2,4,2,4,2,34,29,,3,3,3,3,57,52,,3,3,3,3,3,56,52,,3,3,3,3,3,3,50,48,,3,3,3,3,4,2,4,2,51,39,,3,4,2,3,3,3,48,46,,3,2,2,4,2,4,2,33,31,,3,3,4,2,4,3,2,3,4,2,54,47,,3,4,3,3,3,3,3,56,55,,4,2,3,3,2,4,3,54,51,,2,3,2,3,45,41,,1,,4,4,3,5,4,,4,2,,,,3,,,,,,2,3,3,3,2,4,2,4,4,2,4,3,2,5,3,4,4,2,3,3,Low
Ecuador,ECU,Rest,2013,Rest,Rest,Rest,2017,Rest,Rest,Rest,2021,Rest,,3,3,3,11235,2,Americas,0,,55,54,6,,3,3,3,3,2,4,54,51,,4,4,3,4,69,67,,3,3,4,2,3,43,50,,3,3,3,3,3,3,43,47,,3,3,4,4,4,2,3,3,54,51,,2,3,3,3,3,3,46,45,,3,3,2,3,3,4,2,43,40,,2,4,3,3,4,4,2,4,4,2,62,62,,4,3,3,2,4,2,4,68,66,,3,3,3,3,2,4,4,62,62,,2,4,3,3,50,48,,2,,4,4,4,6,4,,3,3,,,,3,,,,,,3,3,3,3,3,3,,,,,,,,,,,,,,,Moderate
Egypt,EGY,Rest,Rest,2014,2015,Rest,Rest,2018,Rest,2020,Rest,Rest,,6,6,2,11384,1,North Africa,0,,46,33,3,,4,2,4,2,4,2,27,18,,2,3,2,3,41,37,,3,3,4,2,2,44,51,,4,2,4,2,3,3,47,40,,5,1,2,2,4,2,4,2,28,28,,1,4,2,2,2,3,34,22,,1,1,1,4,2,4,2,20,20,,3,3,4,2,3,2,3,3,4,2,56,40,,2,3,2,4,2,4,2,38,35,,3,3,3,3,2,4,2,62,40,,2,3,2,2,32,30,,1,,4,2,2,2,3,,4,2,,,,,,,,,,,,,,4,2,4,3,1,2,4,3,2,4,1,1,4,2,5,2,Very Low
Spain,ESP,Rest,Rest,Rest,2015,2016,Rest,Rest,2019,Rest,Rest,Rest,,1,1,4,38599,4,Europe,1,,72,73,9,,3,3,3,3,2,4,56,54,,4,4,4,5,87,85,,3,3,3,3,4,63,62,,2,4,2,4,1,5,85,84,,1,5,4,4,3,3,2,4,71,69,,3,3,3,4,3,3,54,61,,4,3,3,2,4,3,3,62,58,,1,5,1,5,4,5,4,4,2,1,69,68,,5,5,5,2,4,1,5,92,92,,1,5,1,5,1,5,4,93,92,,4,4,4,4,84,83,,2,,6,6,7,7,8,,1,5,4,2,4,5,4,2,4,2,4,,,,,2,4,3,3,5,4,2,4,4,2,3,4,3,3,3,3,Very High
Estonia,EST,Rest,Rest,Rest,2015,Rest,Rest,Rest,2019,Rest,Rest,Rest,,1,1,4,33399,4,Eastern Europe & Central Asia,1,,,82,9,,2,4,2,4,1,5,81,79,,4,4,5,5,91,89,,2,4,2,4,4,77,69,,1,5,1,5,1,5,95,85,,1,5,4,4,2,4,1,5,82,81,,4,2,4,4,4,4,78,70,,4,4,3,2,4,3,3,68,68,,1,5,2,4,5,5,5,4,5,5,95,90,,5,5,4,1,5,1,5,89,92,,2,4,1,5,1,5,5,89,87,,4,5,5,4,87,85,,2,,9,8,8,8,9,,2,4,,,,,,,,,,,,,,2,4,3,3,4,2,4,4,1,5,4,4,3,3,2,4,Very High
Ethiopia,ETH,Rest,Rest,Rest,2015,Rest,Rest,Rest,Rest,Rest,2021,Rest,,6,6,1,2116,1,Eastern & Southern Africa,0,,41,34,3,,3,3,4,2,3,3,45,37,,2,3,2,2,41,34,,4,2,4,2,3,36,44,,4,2,3,3,3,3,48,26,,4,2,3,3,3,3,4,2,38,45,,2,4,2,2,2,3,36,29,,2,2,2,2,4,4,2,36,37,,4,2,4,2,3,3,2,3,1,1,30,29,,2,2,2,4,2,4,2,42,22,,4,2,3,3,2,4,3,53,45,,2,3,2,3,45,38,,2,,4,3,3,4,4,,2,4,,,,,,,,,,,,,,,,,,,,,,,,,,,,,,Very Low
Finland,FIN,Rest,Rest,Rest,2015,Rest,Rest,2018,2019,Rest,Rest,Rest,,1,1,4,44394,4,Europe,1,,83,87,10,,2,4,1,5,1,5,88,87,,5,5,5,5,97,97,,2,4,1,5,4,80,74,,1,5,1,5,1,5,98,96,,1,5,5,4,2,4,1,5,92,91,,4,2,4,4,4,2,71,71,,4,3,3,2,4,2,4,71,70,,1,5,1,5,5,5,4,5,5,1,82,83,,5,5,5,1,5,1,5,98,99,,1,5,1,5,1,5,5,97,96,,5,5,5,5,96,96,,3,,9,7,8,8,9,,1,5,,,,,,,,,,,,,,1,5,2,4,4,2,4,4,1,5,4,4,2,4,3,4,Very High
Fiji,FJI,Rest,Rest,2014,Rest,Rest,Rest,2018,Rest,Rest,Rest,2022,,3,3,3,9628,5,East Asia & Oceania,0,,35,55,6,,4,2,4,2,4,2,37,33,,4,4,4,4,76,73,,3,3,3,3,3,53,56,,3,3,3,3,3,3,63,52,,3,3,4,4,4,2,3,3,58,53,,2,4,2,3,3,3,49,39,,2,3,3,3,3,4,2,35,43,,2,4,3,3,4,4,4,4,4,1,75,62,,4,3,4,2,4,3,3,66,62,,4,2,3,3,1,5,4,61,58,,3,4,3,4,66,63,,2,,5,5,6,4,5,,3,3,,,,,,,,,,,,,,3,3,3,3,3,2,4,3,2,5,3,3,3,3,4,2,Moderate
France,FRA,Rest,Rest,Rest,Rest,Rest,2017,Rest,Rest,Rest,Rest,2022,,1,2,4,44573,4,Europe,1,,75,71,9,,3,3,3,3,2,4,60,60,,5,5,5,5,90,90,,3,3,3,3,3,52,60,,3,3,2,4,2,4,65,60,,1,5,4,4,3,3,2,4,74,73,,3,3,3,4,3,3,55,55,,3,3,3,2,4,3,3,55,63,,1,5,1,5,4,4,2,3,5,1,73,68,,5,5,5,2,4,1,5,91,91,,2,4,3,3,2,4,4,72,74,,4,4,4,4,84,84,,1,,7,6,6,7,9,,1,5,,,,4,,,,,,3,4,4,4,2,4,,,,,,,,,,,,,,,Very High
Micronesia,FSM,Rest,2013,Rest,2015,Rest,2017,Rest,Rest,Rest,Rest,Rest,,1,1,2,3404,5,East Asia & Oceania,0,,,59,7,,2,4,2,4,2,4,78,65,,4,4,4,4,70,65,,2,4,3,4,4,73,67,,4,2,4,2,3,3,47,42,,2,4,3,4,2,4,2,4,74,69,,3,4,3,3,4,3,25,52,,3,3,2,4,2,4,3,45,35,,2,4,2,4,4,4,4,3,4,2,72,59,,4,4,4,3,3,2,4,74,68,,3,3,2,4,2,4,3,70,66,,4,4,3,4,65,66,,3,,7,6,5,1,7,,4,2,,,,3,,,,,,4,,4,3,3,3,,,,,,,,,,,,,,,Moderate
Gabon,GAB,Rest,Rest,Rest,Rest,2016,Rest,2018,Rest,Rest,Rest,Rest,,7,5,3,17335,1,West Africa,0,,26,30,3,,4,2,4,2,4,2,29,31,,2,3,2,2,26,27,,4,2,4,2,2,33,37,,4,2,4,2,4,2,31,37,,3,3,4,3,3,3,4,2,46,51,,1,4,2,2,2,4,26,28,,1,1,1,4,2,5,2,8,11,,3,3,4,2,3,3,2,2,4,1,33,34,,2,2,1,3,3,3,3,28,29,,5,1,3,3,4,2,2,27,27,,1,2,2,2,18,18,,1,,2,2,3,3,2,,5,2,4,4,2,3,2,5,1,5,1,,,,,4,2,2,5,2,3,3,3,1,5,2,2,4,2,4,2,Very Low
United Kingdom,GBR,Rest,Rest,Rest,2015,Rest,2017,Rest,2019,Rest,Rest,Rest,,1,1,4,43521,4,Europe,1,,65,68,8,,4,2,4,2,2,4,49,43,,4,4,5,5,88,87,,4,2,3,3,3,53,49,,4,2,3,3,2,4,58,53,,2,4,3,3,2,4,2,4,74,69,,2,2,4,4,3,2,48,52,,4,3,3,3,3,2,4,65,51,,1,5,2,4,4,4,5,4,4,1,74,75,,5,5,5,2,4,2,4,87,89,,2,4,3,3,1,5,4,80,78,,4,4,4,4,84,81,,2,,8,6,7,7,9,,1,5,,,,5,,,,,,3,4,3,3,2,4,2,4,3,3,3,4,2,5,4,4,3,3,4,2,High
Georgia,GEO,2012,2013,Rest,Rest,2016,Rest,2018,Rest,2020,Rest,Rest,,3,3,2,10208,4,Eastern Europe & Central Asia,0,,60,58,7,,2,4,3,3,2,4,69,66,,3,4,3,3,67,64,,3,3,3,3,3,63,59,,3,3,3,3,3,3,61,60,,2,4,4,3,4,2,2,4,65,61,,3,3,3,3,3,3,56,51,,3,2,3,4,2,4,2,46,41,,3,3,3,3,4,4,2,4,4,2,59,57,,4,4,4,1,5,2,4,77,73,,3,3,3,3,2,4,3,60,58,,3,4,3,3,62,59,,2,,4,5,5,6,6,,3,3,4,2,4,4,3,3,3,3,3,,,,,4,2,4,2,3,3,3,4,2,4,3,2,4,2,4,2,Moderate
Ghana,GHA,2012,Rest,Rest,Rest,2016,Rest,Rest,Rest,2020,Rest,Rest,,1,2,2,4581,1,West Africa,0,,63,64,8,,2,4,2,4,1,5,82,80,,4,4,4,4,77,74,,2,4,2,4,4,75,72,,3,3,3,3,4,2,55,46,,2,4,4,5,1,5,1,5,85,83,,4,3,3,4,4,4,70,67,,2,3,2,3,3,4,2,36,37,,2,4,3,3,4,5,2,3,2,1,52,52,,4,4,4,1,5,1,5,85,81,,4,2,3,3,2,4,4,56,53,,4,4,4,4,77,74,,1,,6,5,5,6,6,,3,3,4,3,3,4,4,4,2,4,2,,,,,,,,,,,,,,,,,,,,,High
Guinea,GIN,Rest,2013,Rest,2015,Rest,Rest,Rest,Rest,2020,Rest,Rest,,5,5,1,1764,1,West Africa,0,,36,39,5,,3,3,4,2,3,3,54,35,,2,3,2,3,43,34,,4,2,4,2,3,46,43,,4,2,4,2,4,2,34,24,,2,4,3,3,4,2,4,2,50,52,,3,4,2,2,3,3,50,43,,2,2,2,4,2,4,2,38,21,,3,3,4,2,3,3,2,2,3,1,48,36,,3,3,3,3,3,3,3,53,51,,4,2,3,3,3,3,3,51,45,,2,3,2,2,43,35,,1,,3,3,4,3,3,,4,2,,,,,,,,,,,,,,,,,,,,,,,,,,,,,,Very Low
Gambia,GMB,Rest,Rest,Rest,Rest,2016,2017,Rest,Rest,Rest,2021,2022,,5,5,1,1992,1,West Africa,0,,56,56,8,,3,3,3,3,2,4,54,54,,4,4,4,4,78,78,,2,4,3,3,3,58,54,,3,3,3,3,3,3,56,44,,2,4,3,4,3,3,2,4,60,57,,3,4,2,3,3,3,46,52,,2,2,2,2,4,4,2,37,28,,2,4,3,3,4,4,3,2,2,1,51,46,,4,4,5,2,4,2,4,79,80,,4,2,2,4,2,4,4,63,60,,4,4,4,4,70,70,,1,,6,5,6,4,7,,3,3,4,4,2,4,4,4,2,4,2,3,3,3,3,3,3,,,,,,,,,,,,,,,Moderate
Guinea Bissau,GNB,Rest,Rest,2014,Rest,Rest,Rest,Rest,2019,Rest,Rest,Rest,,5,5,1,1745,1,West Africa,0,,63,55,7,,2,4,2,4,2,4,73,65,,3,4,4,4,69,71,,3,3,3,3,3,61,52,,3,3,2,4,2,4,69,41,,2,4,3,3,3,3,3,4,64,59,,3,3,3,3,3,3,51,56,,3,2,2,3,3,3,3,44,32,,3,3,3,3,4,4,3,2,4,2,56,48,,4,3,4,3,3,3,3,70,61,,4,3,3,3,2,4,3,48,60,,3,3,3,4,53,65,,1,,4,3,5,2,5,,3,3,,,,,,,,,,,,,,2,4,2,4,3,2,4,2,2,4,3,3,3,3,3,3,Moderate
Equatorial Guinea,GNQ,Rest,2013,Rest,Rest,2016,2017,Rest,Rest,Rest,Rest,2022,,7,7,3,24524,1,West Africa,0,,18,22,2,,5,1,5,1,4,2,16,12,,2,2,1,2,22,19,,4,2,4,2,2,30,29,,4,2,4,2,4,2,23,25,,4,2,2,2,4,2,5,1,23,21,,1,5,1,1,1,2,16,12,,2,1,1,4,2,5,1,16,12,,4,2,4,2,3,1,2,2,2,2,22,24,,2,3,2,4,2,4,2,29,26,,3,3,3,3,2,4,2,50,50,,1,2,1,2,18,15,,2,,2,1,2,2,2,,4,2,2,5,1,2,1,4,2,4,2,2,3,2,2,4,2,,,,,,,,,,,,,,,Very Low
Greece,GRC,Rest,Rest,Rest,2015,Rest,Rest,Rest,2019,Rest,Rest,Rest,,2,2,4,27691,4,Europe,1,,66,66,9,,3,3,4,2,2,4,56,49,,4,5,5,5,90,88,,3,3,2,4,3,66,58,,2,4,3,3,2,4,69,73,,2,4,4,3,4,2,2,4,71,65,,3,3,3,3,3,3,56,50,,3,2,2,3,3,3,3,48,42,,1,5,1,5,4,4,2,2,1,1,56,62,,4,4,4,2,4,2,4,86,86,,1,5,2,4,1,5,4,90,87,,4,4,4,4,77,76,,3,,6,4,5,5,8,,2,4,,,,,,,,,,,,,,3,3,3,3,3,2,4,4,2,4,3,2,4,2,4,2,High
Grenada,GRD,Rest,2013,Rest,Rest,Rest,Rest,2018,Rest,Rest,Rest,2022,,1,2,3,13429,2,Americas,0,,,63,7,,3,3,3,3,2,4,64,56,,4,4,4,4,79,77,,3,3,3,3,3,60,55,,4,2,3,3,3,3,50,51,,1,5,4,4,3,3,2,4,72,76,,3,3,3,3,3,3,46,49,,2,2,2,3,3,4,2,28,35,,2,4,3,3,4,4,2,3,4,1,58,57,,4,5,4,1,5,2,5,84,89,,2,4,2,4,1,5,4,90,81,,3,4,4,4,75,72,,2,,7,5,5,5,6,,5,2,,,,,,,,,,,,,,2,4,2,4,4,3,3,3,2,4,3,3,4,2,3,3,High
Guatemala,GTM,Rest,Rest,Rest,2015,Rest,Rest,Rest,2019,Rest,Rest,Rest,,4,4,3,8601,2,Americas,0,,46,49,5,,3,3,3,3,3,3,55,49,,3,3,3,3,54,52,,3,4,2,4,4,66,60,,4,3,3,3,3,3,50,51,,4,2,2,2,4,2,3,3,37,34,,3,3,3,2,3,3,50,52,,3,2,2,4,2,4,2,35,30,,3,3,3,3,3,3,2,3,3,2,48,40,,4,4,4,2,4,2,4,71,69,,3,3,3,3,2,4,3,63,59,,3,3,3,3,56,56,,1,,3,2,2,2,5,,4,2,,,,,,,,,,,,,,3,3,3,3,3,3,3,4,3,4,2,3,3,3,3,3,Low
Guyana,GUY,Rest,Rest,Rest,2015,Rest,Rest,Rest,Rest,2020,Rest,Rest,,2,3,3,13612,2,Americas,0,,,48,6,,4,2,4,2,3,3,47,39,,3,4,4,4,64,64,,3,3,3,3,3,52,52,,3,3,3,3,3,3,56,51,,2,4,3,3,4,2,2,4,69,58,,3,3,3,3,3,4,58,48,,2,2,2,3,3,3,3,45,31,,3,3,4,2,4,4,1,1,4,2,46,44,,3,1,3,2,4,2,4,56,53,,5,1,3,3,3,3,3,44,38,,3,4,3,3,51,55,,2,,5,5,5,6,5,,4,2,,,,,,,,,,,,,,,,,,,,,,,,,,,,,,Low
Honduras,HND,Rest,2013,Rest,Rest,Rest,2017,Rest,Rest,Rest,2021,Rest,,4,4,2,5039,2,Americas,0,,27,42,5,,4,2,4,2,4,2,32,28,,3,3,2,3,45,41,,4,3,3,3,3,39,48,,3,3,3,3,4,2,43,39,,3,3,3,3,3,3,3,3,56,52,,2,4,2,2,3,4,44,40,,2,2,2,4,2,4,2,27,23,,4,2,4,2,3,4,3,3,4,2,43,43,,3,3,3,2,4,3,3,57,53,,4,2,3,3,3,3,3,50,45,,2,3,3,2,47,41,,1,,3,3,3,3,4,,4,2,,,,3,,,,,,4,2,2,2,3,3,,,,,,,,,,,,,,,Low
Croatia,HRV,Rest,Rest,Rest,2015,2016,Rest,Rest,Rest,2020,Rest,Rest,,1,2,4,25227,4,Eastern Europe & Central Asia,0,,64,65,8,,3,3,2,4,2,4,70,67,,4,4,4,4,80,78,,3,3,3,3,3,53,53,,3,3,3,3,3,3,54,48,,1,5,4,4,4,2,2,4,67,66,,3,3,3,3,3,3,55,51,,3,3,3,2,4,3,3,59,55,,2,4,2,4,4,4,3,3,4,1,65,63,,4,4,4,1,5,2,4,89,81,,2,4,1,5,1,5,4,89,83,,4,4,4,4,72,70,,2,,4,5,5,5,7,,2,4,4,2,4,4,4,3,3,4,3,,,,,,,,,,,,,,,,,,,,,High
Haiti,HTI,Rest,Rest,Rest,2015,2016,Rest,Rest,Rest,Rest,Rest,Rest,,5,5,1,1771,2,Americas,0,,40,32,3,,3,3,4,2,3,3,48,41,,2,2,2,2,35,26,,3,3,3,3,2,47,46,,4,2,4,2,4,2,29,23,,3,3,2,3,4,2,3,3,51,38,,3,4,3,3,3,4,60,52,,2,2,1,5,1,4,2,26,17,,4,2,5,1,2,3,2,2,2,1,31,21,,2,2,2,2,4,2,4,46,38,,5,1,4,2,4,2,2,32,24,,2,3,2,2,38,30,,1,,2,2,3,2,3,,4,2,3,4,2,3,2,4,2,4,2,,,,,,,,,,,,,,,,,,,,,Very Low
Hungary,HUN,Rest,Rest,2014,Rest,Rest,Rest,2018,Rest,Rest,Rest,2022,,3,2,4,29675,4,Eastern Europe & Central Asia,1,,43,53,5,,4,2,5,1,3,3,37,28,,3,4,3,4,68,67,,4,2,4,2,2,27,35,,2,4,3,3,3,3,68,64,,2,4,3,3,4,2,2,4,60,59,,2,4,2,1,2,3,31,26,,3,2,2,3,3,5,1,33,32,,1,5,3,3,4,4,3,4,4,1,62,63,,4,4,4,2,4,2,4,77,74,,3,3,3,3,1,5,4,70,67,,3,4,3,3,56,54,,2,,6,3,3,5,5,,3,3,,,,,,,,,,,,,,4,2,4,2,2,3,3,3,2,4,2,2,4,2,3,3,Moderate
Indonesia,IDN,Rest,Rest,2014,Rest,Rest,Rest,Rest,2019,Rest,Rest,Rest,,2,4,2,11128,3,East Asia & Oceania,0,,56,57,7,,3,3,3,3,2,4,59,54,,4,4,4,4,72,67,,2,4,2,4,3,68,62,,3,3,3,3,3,3,53,45,,2,4,4,4,3,3,2,4,69,64,,2,3,3,3,3,4,57,51,,3,3,2,4,2,4,2,46,38,,3,3,3,3,4,4,4,3,4,2,62,57,,4,4,4,2,4,2,4,72,68,,4,2,3,3,3,3,4,58,52,,4,4,4,4,74,70,,2,,4,6,4,5,6,,3,3,,,,,,,,,,,,,,3,3,5,2,4,3,3,4,4,3,3,3,4,3,4,2,Moderate
India,IND,Rest,Rest,2014,Rest,Rest,Rest,Rest,2019,Rest,Rest,Rest,,2,3,2,6325,3,South Asia,0,,58,56,7,,3,3,2,4,2,4,70,64,,4,4,3,4,73,70,,2,4,2,4,3,70,58,,4,2,3,3,3,3,50,36,,2,4,3,3,4,2,2,4,61,54,,3,3,3,3,3,3,53,49,,3,2,2,3,3,3,3,40,28,,3,3,4,2,4,4,4,3,3,2,58,53,,4,4,4,3,3,2,4,74,67,,2,4,3,3,2,4,4,71,67,,3,4,3,4,70,72,,2,,6,5,5,7,7,,4,2,,,,,,,,,,,,,,3,3,4,2,3,2,4,3,2,4,3,2,3,3,4,2,Moderate
Ireland,IRL,Rest,Rest,Rest,Rest,2016,Rest,2018,Rest,2020,Rest,Rest,,1,1,4,76523,4,Europe,1,,76,72,9,,2,4,2,4,2,4,76,76,,4,4,5,5,90,90,,2,4,2,4,4,69,69,,4,2,4,2,4,2,29,32,,2,4,4,3,2,4,1,5,80,80,,4,2,4,4,4,2,61,66,,4,3,3,2,4,2,4,66,64,,1,5,2,4,4,4,3,4,2,1,60,59,,5,4,5,1,5,1,5,92,90,,2,4,1,5,1,5,4,88,87,,5,4,4,4,82,83,,2,,8,7,7,8,8,,1,5,5,1,5,5,5,1,5,3,3,,,,,2,4,3,3,4,2,4,4,1,5,4,4,3,3,3,3,Very High
Iran,IRN,Rest,2013,Rest,Rest,2016,2017,Rest,Rest,2020,2021,Rest,,6,6,3,17110,3,Middle East,0,,43,41,4,,4,2,4,2,4,2,20,19,,3,4,2,3,53,60,,4,2,2,4,2,42,50,,3,3,3,3,3,3,45,52,,5,1,2,2,4,2,4,2,16,19,,3,4,2,2,3,3,38,37,,2,2,1,3,3,4,2,26,26,,3,3,3,3,4,2,2,2,3,1,53,42,,4,4,4,4,2,4,2,49,49,,2,4,2,4,1,5,3,72,61,,2,3,2,3,40,40,,2,,2,4,4,3,3,,3,3,4,2,4,4,3,3,3,3,3,3,4,3,3,3,3,,,,,,,,,,,,,,,Low
Iraq,IRQ,Rest,Rest,2014,Rest,Rest,Rest,2018,Rest,Rest,2021,Rest,,5,6,3,13851,3,Middle East,0,,36,43,5,,3,3,4,2,3,3,51,46,,3,3,3,3,53,50,,4,2,3,3,3,45,45,,4,2,4,2,4,2,40,30,,3,3,3,3,3,3,4,2,54,46,,2,3,3,3,3,4,42,45,,2,2,2,4,2,4,2,28,25,,4,2,4,2,3,4,3,3,4,2,46,45,,3,3,3,3,3,3,3,48,47,,4,2,3,3,3,3,3,43,47,,3,3,3,3,52,49,,3,,4,3,3,3,4,,4,2,,,,,,,,,,,,,,4,2,4,2,2,5,1,4,3,3,3,2,4,2,4,2,Low
Iceland,ISL,Rest,2013,Rest,Rest,2016,2017,Rest,Rest,2020,2021,Rest,,1,1,4,50529,4,Europe,1,,82,78,9,,2,4,2,4,2,4,73,68,,4,5,4,4,82,82,,2,4,2,4,4,78,66,,1,5,1,5,1,5,97,93,,1,5,4,4,2,4,1,5,88,85,,4,2,4,4,4,2,58,66,,4,3,3,2,4,2,4,67,67,,1,5,1,5,5,5,5,4,5,1,81,81,,4,4,4,1,5,1,5,89,86,,2,4,2,4,1,5,3,77,85,,5,4,4,4,84,79,,3,,8,7,7,7,8,,1,5,5,1,5,5,5,1,5,2,4,3,5,4,3,2,4,,,,,,,,,,,,,,,Very High
Israel,ISR,Rest,2013,Rest,2015,Rest,Rest,Rest,2019,2020,2021,2022,,2,3,4,39618,3,Middle East,1,,88,75,9,,2,4,2,4,2,4,79,77,,5,5,5,5,90,92,,3,4,1,5,5,85,64,,1,5,1,5,2,4,90,83,,2,4,4,4,2,4,2,4,73,72,,3,2,4,3,3,3,56,67,,4,3,3,2,4,3,3,65,69,,2,4,3,3,5,5,2,5,2,1,54,62,,4,5,4,1,5,2,4,96,80,,2,4,2,4,1,5,4,77,86,,5,5,5,5,92,91,,2,,9,6,6,8,9,,1,5,,,,,,,,,,,,,,3,3,5,1,4,2,4,3,1,5,4,3,4,2,4,2,Very High
Italy,ITA,Rest,2013,Rest,Rest,Rest,Rest,2018,Rest,Rest,Rest,2022,,1,1,4,39084,4,Europe,1,,63,69,8,,3,3,3,3,3,3,56,51,,4,4,4,5,84,83,,2,4,2,4,4,68,68,,2,4,2,4,2,4,81,82,,2,4,3,3,4,2,2,4,62,59,,3,3,3,3,3,3,55,51,,3,3,2,2,4,3,3,58,59,,1,5,2,4,4,4,2,4,4,1,64,67,,4,4,4,2,4,2,4,81,83,,2,4,2,4,1,5,4,81,81,,4,4,4,4,80,83,,3,,7,6,6,6,7,,2,4,,,,,,,,,,,,,,3,3,4,2,3,3,3,4,2,4,3,3,4,2,4,2,High
Jamaica,JAM,Rest,Rest,Rest,Rest,2016,Rest,Rest,Rest,Rest,Rest,Rest,,2,3,3,8835,2,Americas,0,,65,67,8,,2,4,2,4,2,4,72,72,,4,4,5,5,87,87,,2,4,2,4,3,68,68,,3,4,3,3,2,4,62,59,,1,5,3,3,2,4,2,4,75,73,,3,2,4,4,4,3,58,61,,3,3,2,3,3,3,3,41,45,,2,4,2,4,4,4,2,3,1,1,48,46,,4,4,4,1,5,1,5,85,85,,3,3,2,4,1,5,5,78,76,,4,4,4,5,82,82,,4,,7,6,6,7,8,,3,3,4,3,3,4,4,4,2,4,2,,,,,,,,,,,,,,,,,,,,,High
Jordan,JOR,Rest,2013,Rest,Rest,2016,Rest,Rest,Rest,2020,Rest,Rest,,6,5,3,9489,3,Middle East,0,,42,46,6,,4,2,4,2,4,2,33,29,,3,4,3,4,61,59,,4,2,4,2,2,34,42,,4,2,3,3,3,3,41,38,,4,2,3,4,4,2,3,3,52,51,,2,4,2,3,3,4,49,44,,3,2,2,4,2,4,2,36,34,,3,3,4,2,4,3,3,3,2,2,52,43,,3,3,3,3,3,3,3,51,60,,4,2,3,3,3,3,3,44,49,,3,4,3,3,58,56,,2,,6,4,4,5,6,,4,2,4,2,4,4,3,4,2,5,2,,,,,,,,,,,,,,,,,,,,,Low
Japan,JPN,2012,2013,2014,Rest,2016,2017,Rest,2019,Rest,2021,2022,,1,1,4,40523,3,East Asia & Oceania,1,,69,71,8,,3,3,3,3,2,4,55,52,,4,4,5,5,88,87,,3,3,3,3,3,59,54,,2,4,2,4,2,4,84,79,,2,4,4,3,2,4,2,4,74,71,,3,3,3,4,3,3,55,59,,4,3,3,2,4,2,4,66,62,,1,5,2,4,4,4,3,4,4,1,67,66,,4,5,5,2,4,2,4,89,85,,2,4,2,4,1,5,4,80,82,,4,4,4,4,82,80,,2,,8,6,6,7,8,,2,4,4,2,4,5,4,3,3,4,2,3,4,4,3,2,4,1,5,4,2,4,4,1,5,4,3,3,3,4,2,Very High
Kazakhstan,KAZ,Rest,Rest,Rest,2015,2016,Rest,Rest,2019,Rest,2021,2022,,7,5,3,27012,4,Eastern Europe & Central Asia,0,,42,42,3,,4,2,4,2,4,2,24,21,,3,4,2,2,51,48,,3,3,3,3,3,49,49,,3,3,3,3,3,3,47,44,,4,2,3,3,4,2,4,2,40,35,,2,4,2,2,2,4,36,33,,2,2,2,3,3,4,2,34,34,,2,4,4,2,4,2,3,3,4,2,54,50,,3,4,2,3,3,3,3,49,48,,3,3,3,3,2,4,3,58,61,,2,3,2,2,39,36,,2,,4,5,3,4,3,,3,3,3,3,3,3,2,4,2,4,2,,,,,3,3,3,3,3,3,3,4,3,4,3,3,4,2,3,3,Low
Kenya,KEN,Rest,2013,Rest,Rest,Rest,2017,Rest,Rest,Rest,Rest,2022,,4,4,2,3493,1,Eastern & Southern Africa,0,,40,46,5,,3,3,3,3,2,4,66,65,,2,3,3,3,50,48,,3,3,3,3,3,62,59,,4,2,4,2,3,3,38,33,,2,4,3,3,3,3,3,3,61,57,,3,3,3,3,4,4,62,58,,2,2,2,4,2,4,2,22,22,,3,3,4,2,4,4,2,3,3,1,42,40,,3,3,3,2,4,2,4,64,51,,5,1,4,2,3,3,4,44,42,,2,4,3,2,47,44,,1,,6,4,4,5,4,,4,2,,,,3,,,,,,3,2,3,3,3,3,,,,,,,,,,,,,,,Low
Kyrgyzstan,KGZ,Rest,Rest,Rest,2015,Rest,2017,Rest,Rest,2020,2021,Rest,,6,5,2,4480,4,Eastern Europe & Central Asia,0,,35,47,5,,3,3,3,3,3,3,48,46,,3,3,3,3,48,49,,3,3,3,3,3,54,51,,4,2,3,3,3,3,47,41,,3,3,2,2,3,3,3,3,42,43,,3,4,2,3,3,4,49,49,,2,2,2,4,2,4,2,29,27,,3,3,3,3,3,4,2,3,3,1,47,48,,3,4,3,2,4,3,3,63,63,,3,3,3,3,2,4,3,48,47,,2,3,3,3,46,46,,1,,2,4,3,3,4,,4,2,,,,3,,,,,,3,3,3,3,3,3,,,,,,,,,,,,,,,Low
Cambodia,KHM,Rest,2013,Rest,Rest,Rest,Rest,2018,Rest,Rest,Rest,Rest,,6,5,2,3357,3,East Asia & Oceania,0,,33,30,3,,4,2,4,2,4,2,33,25,,3,3,2,3,45,40,,4,2,4,2,2,34,36,,5,1,4,2,4,2,27,20,,5,1,3,3,4,2,4,2,37,31,,2,5,1,2,2,3,30,24,,2,2,1,4,2,4,2,23,15,,3,3,4,2,3,3,1,2,2,1,30,31,,2,4,2,3,3,3,3,47,44,,4,2,3,3,3,3,2,49,41,,2,3,2,2,33,25,,3,,2,3,3,2,3,,4,2,,,,,,,,,,,,,,4,2,3,3,2,3,3,3,4,3,2,2,4,2,4,3,Very Low
Kiribati,KIR,Rest,Rest,Rest,Rest,Rest,Rest,Rest,Rest,2020,Rest,Rest,,1,1,2,2172,5,East Asia & Oceania,0,,63,76,8,,2,4,2,4,2,4,69,69,,5,4,4,5,85,85,,2,4,2,4,3,64,64,,2,4,2,5,2,5,83,83,,2,5,4,4,2,5,2,5,80,80,,4,2,4,4,4,4,70,70,,4,4,3,3,4,3,4,40,78,,2,5,2,4,4,5,2,4,2,2,50,65,,5,4,5,2,5,2,5,85,85,,2,4,2,4,1,5,4,75,87,,5,4,4,4,78,78,,2,,7,7,8,6,8,,3,4,,,,,,,,,,,,,,,,,,,,,,,,,,,,,,Very High
Korea,KOR,2012,Rest,Rest,Rest,2016,2017,Rest,Rest,2020,Rest,2022,,2,2,4,39251,3,East Asia & Oceania,1,,78,73,9,,4,2,3,3,3,3,53,52,,4,5,4,4,87,85,,2,4,3,3,3,62,57,,1,5,1,5,1,5,92,83,,2,4,4,4,2,4,2,4,76,72,,3,3,3,3,3,4,56,55,,3,3,3,2,4,2,4,63,61,,1,5,1,5,5,4,4,4,5,1,74,75,,5,5,5,1,5,1,5,93,91,,2,4,2,4,1,5,4,77,79,,4,4,4,4,83,83,,1,,7,6,5,7,8,,2,4,5,1,5,5,5,2,4,3,3,4,4,4,4,2,4,,,,,,,,,,,,,,,Very High
Kuwait,KWT,2012,2013,Rest,Rest,2016,Rest,Rest,Rest,2020,Rest,2022,,5,5,4,69209,3,Middle East,0,,53,54,6,,3,3,4,2,3,3,45,41,,4,4,4,4,71,70,,4,2,2,4,3,58,50,,3,3,2,4,2,4,66,61,,4,2,3,3,3,3,3,3,51,53,,3,3,3,3,3,4,59,52,,3,3,2,4,2,4,2,27,38,,2,4,3,3,4,4,2,4,2,1,57,53,,4,4,4,3,3,2,4,74,66,,4,2,2,4,2,4,4,68,57,,3,4,3,3,63,59,,2,,5,5,6,5,6,,4,2,3,2,4,4,3,4,2,4,2,,,,,,,,,,,,,,,,,,,,,Moderate
Laos,LAO,Rest,Rest,Rest,Rest,2016,Rest,Rest,Rest,Rest,2021,Rest,,7,6,2,7430,3,East Asia & Oceania,0,,,41,2,,5,2,5,1,4,2,25,20,,4,3,2,4,52,59,,4,2,4,2,3,25,47,,3,3,4,2,2,4,58,42,,5,2,3,3,4,2,5,2,23,40,,2,5,1,3,1,2,13,20,,1,2,2,3,3,2,4,10,32,,2,4,2,4,4,1,2,2,2,1,50,39,,3,4,4,4,2,4,2,60,49,,2,5,1,5,1,5,3,,80,,2,3,1,3,39,23,,2,,2,4,4,3,4,,2,4,3,2,4,4,1,2,4,3,4,,,,,,,,,,,,,,,,,,,,,Low
Lebanon,LBN,Rest,Rest,Rest,Rest,Rest,Rest,2018,Rest,Rest,Rest,2022,,6,4,3,13812,3,Middle East,0,,,46,5,,4,2,4,2,4,2,27,27,,3,3,3,3,50,50,,4,2,4,2,2,27,27,,4,3,3,3,3,3,52,51,,3,3,3,3,3,3,3,3,51,51,,2,3,3,2,3,4,41,42,,3,2,2,4,2,4,2,39,20,,3,3,4,3,3,3,3,2,4,1,48,47,,3,4,3,2,4,3,3,59,64,,3,3,3,3,2,4,3,54,56,,3,3,3,3,46,57,,2,,5,3,4,6,5,,5,1,,,,,,,,,,,,,,3,3,3,3,3,4,2,4,2,4,3,3,4,2,2,4,Low
Liberia,LBR,Rest,Rest,Rest,Rest,Rest,2017,Rest,Rest,2020,Rest,Rest,,3,4,1,1111,1,West Africa,0,,67,58,7,,2,4,2,4,2,4,84,84,,4,4,4,4,69,69,,2,4,2,4,3,73,63,,4,2,4,2,3,3,44,40,,2,4,4,3,3,3,2,4,66,65,,4,3,3,2,3,3,50,53,,2,2,2,3,3,4,3,33,28,,3,3,3,3,4,4,3,3,2,2,50,48,,4,3,4,2,5,2,5,76,76,,3,3,3,3,2,4,4,56,59,,4,4,3,4,69,69,,1,,6,6,6,6,7,,4,3,,,,4,,,,,,2,4,3,3,3,3,,,,,,,,,,,,,,,Moderate
Sri Lanka,LKA,Rest,Rest,Rest,2015,Rest,Rest,Rest,2019,2020,Rest,Rest,,4,4,2,12604,3,South Asia,0,,52,56,7,,2,4,3,3,2,4,70,62,,4,4,4,4,78,74,,3,3,3,3,3,57,51,,3,3,3,3,3,3,58,54,,2,4,3,3,4,2,3,3,55,50,,2,4,2,2,2,4,46,40,,2,2,2,4,2,4,2,32,36,,3,3,3,3,4,4,4,3,2,2,57,54,,4,4,4,2,4,2,4,75,74,,3,3,3,3,2,4,3,63,61,,4,4,4,4,74,70,,2,,6,4,4,5,7,,4,2,,,,,,,,,,,,,,4,2,4,2,4,4,2,4,2,4,3,2,4,2,4,2,Moderate
Lesotho,LSO,Rest,Rest,Rest,2015,Rest,2017,Rest,Rest,Rest,Rest,2022,,3,3,2,2776,1,Eastern & Southern Africa,0,,70,65,8,,2,4,2,4,2,4,84,82,,4,4,4,4,78,77,,2,4,2,4,4,75,73,,4,2,3,3,3,3,52,48,,2,4,4,4,3,3,2,4,73,67,,3,3,3,3,4,4,50,57,,4,3,2,3,3,3,3,53,43,,2,4,2,4,4,4,2,3,2,1,56,53,,4,4,4,2,4,1,5,85,79,,3,3,2,4,1,5,4,80,75,,4,4,4,4,80,75,,2,,6,5,5,3,8,,3,3,,,,4,,,,,,2,4,4,4,2,4,,,,,,,,,,,,,,,High
Lithuania,LTU,2012,Rest,2014,Rest,2016,Rest,Rest,2019,2020,Rest,Rest,,1,1,4,32045,4,Eastern Europe & Central Asia,0,,75,78,9,,2,4,2,4,1,5,85,81,,4,5,4,5,85,83,,2,4,2,4,4,82,72,,2,4,2,4,1,5,86,73,,1,5,5,4,2,4,1,5,86,87,,3,2,4,4,4,4,67,68,,4,4,3,2,4,3,3,67,66,,1,5,2,4,5,4,5,4,5,1,77,76,,4,4,4,1,5,1,5,90,87,,2,4,2,4,1,5,4,86,85,,4,5,4,4,80,81,,2,,7,7,7,8,8,,2,4,4,1,5,4,4,3,3,3,4,,,,,2,4,2,4,4,2,4,3,2,4,4,4,3,3,2,4,Very High
Luxembourg,LUX,Rest,Rest,Rest,Rest,Rest,Rest,2018,Rest,Rest,Rest,Rest,,1,1,4,94278,4,Europe,1,,,76,9,,3,3,2,4,2,4,73,67,,5,4,5,5,90,90,,3,3,2,4,4,73,73,,1,5,1,5,2,5,92,85,,1,5,4,2,2,4,1,5,63,73,,4,2,4,4,3,2,78,59,,4,4,4,1,5,2,4,89,72,,1,5,1,5,4,4,5,3,5,1,69,72,,5,5,5,1,5,1,5,94,90,,3,3,2,5,1,5,3,69,77,,5,5,4,5,89,89,,4,,7,7,8,7,9,,1,5,,,,,,,,,,,,,,2,4,2,4,3,3,3,3,2,4,3,4,3,3,3,3,Very High
Latvia,LVA,Rest,Rest,2014,Rest,Rest,Rest,2018,Rest,Rest,Rest,2022,,2,2,4,27805,4,Eastern Europe & Central Asia,0,,71,74,8,,2,4,2,4,2,4,81,76,,4,4,4,4,85,83,,2,4,2,4,4,83,70,,2,4,2,4,1,5,83,73,,2,4,5,4,3,3,2,4,78,75,,3,2,4,4,4,3,66,65,,4,4,3,2,4,3,3,68,62,,1,5,2,4,4,4,4,4,5,1,73,74,,4,4,4,1,5,1,5,90,87,,3,3,2,4,1,5,4,80,78,,4,4,4,4,78,78,,2,,7,6,6,8,8,,2,4,,,,,,,,,,,,,,2,4,3,3,4,3,3,4,2,4,4,3,3,3,3,3,Very High
Morocco,MAR,Rest,Rest,Rest,Rest,2016,Rest,Rest,Rest,Rest,2021,Rest,,5,5,2,7991,1,North Africa,0,,82,55,6,,3,3,2,4,2,4,70,67,,4,4,4,4,70,57,,3,3,2,4,3,69,60,,4,2,3,3,2,4,53,51,,2,4,4,3,3,3,2,4,73,54,,3,2,4,4,3,4,73,55,,4,3,2,4,3,3,3,43,46,,2,4,3,3,4,4,2,3,2,2,64,46,,4,4,4,2,4,2,4,85,65,,3,3,2,4,1,5,4,77,62,,4,4,3,4,63,59,,3,,4,5,4,5,5,,4,2,3,2,4,4,4,3,3,3,3,,,,,,,,,,,,,,,,,,,,,Moderate
Moldova,MDA,Rest,Rest,2014,Rest,2016,Rest,Rest,Rest,2020,2021,Rest,,3,3,3,9732,4,Eastern Europe & Central Asia,0,,57,59,7,,3,3,3,3,2,4,57,55,,4,4,4,4,70,68,,3,3,3,3,3,57,59,,3,3,3,3,2,4,54,51,,3,3,4,4,4,2,3,3,58,69,,2,4,2,3,2,4,46,41,,3,2,2,3,3,4,2,44,33,,2,4,2,4,4,4,2,3,4,1,52,61,,4,4,4,1,5,1,5,86,78,,3,3,2,4,2,4,4,67,67,,3,4,4,4,64,64,,2,,4,5,4,5,6,,3,3,4,2,4,3,3,4,2,4,3,,,,,,,,,,,,,,,,,,,,,Moderate
Madagascar,MDG,Rest,2013,Rest,Rest,Rest,Rest,2018,2019,Rest,Rest,Rest,,4,4,1,1505,1,Eastern & Southern Africa,0,,47,42,5,,4,2,3,3,3,3,43,40,,3,3,3,3,50,46,,2,4,2,4,3,63,51,,4,2,4,2,5,2,18,18,,3,3,4,4,3,3,4,2,63,52,,2,4,3,3,3,4,50,45,,2,3,2,4,2,4,2,36,24,,3,3,4,2,4,3,3,2,1,1,37,36,,3,3,3,2,4,2,4,66,57,,4,2,4,2,2,4,4,44,42,,2,3,3,3,54,47,,1,,4,3,3,3,4,,4,2,,,,,,,,,,,,,,3,3,2,4,3,4,2,4,2,4,2,3,4,2,4,2,Low
Maldives,MDV,Rest,2013,2014,Rest,Rest,Rest,2018,2019,Rest,Rest,Rest,,4,5,3,14977,3,South Asia,0,,48,54,6,,3,3,3,3,3,3,56,50,,4,4,3,4,71,69,,3,3,3,3,3,60,54,,4,2,3,3,3,3,53,47,,3,3,3,3,3,3,4,2,37,51,,3,3,3,3,3,4,51,54,,3,3,2,4,2,4,2,38,35,,3,3,3,3,4,4,3,3,4,2,58,54,,4,4,4,3,3,3,3,70,64,,3,3,3,3,2,4,4,65,63,,3,3,3,3,60,53,,1,,4,5,5,4,5,,4,2,,,,,,,,,,,,,,3,3,4,2,3,3,3,3,2,4,4,3,3,3,4,2,Moderate
Mexico,MEX,2012,Rest,Rest,2015,Rest,Rest,2018,Rest,Rest,2021,Rest,,3,3,3,17769,2,Americas,1,,59,62,7,,2,4,3,3,2,4,68,59,,4,4,4,4,79,76,,2,4,2,4,4,74,67,,2,4,2,4,2,4,77,70,,2,4,4,3,3,3,3,3,58,53,,3,3,3,3,3,4,57,55,,3,3,2,3,3,4,2,47,41,,3,3,3,3,4,4,3,3,3,1,55,53,,4,4,4,2,4,2,4,85,83,,3,3,3,3,2,4,4,67,63,,4,4,4,4,74,72,,2,,5,4,5,5,7,,4,2,,,,,,,,,,,,,,3,3,3,3,4,3,3,3,3,3,3,3,3,3,4,2,High
Macedonia,MKD,Rest,Rest,2014,Rest,2016,Rest,Rest,2019,2020,Rest,Rest,,4,3,3,15726,4,Eastern Europe & Central Asia,0,,43,47,6,,4,2,3,3,3,3,41,38,,3,4,3,3,58,55,,3,3,3,3,3,49,49,,4,2,4,2,4,2,31,27,,2,4,4,3,4,2,2,4,58,54,,2,4,2,3,2,4,42,39,,3,3,2,3,3,4,2,40,36,,3,3,4,2,4,4,2,3,4,1,47,48,,3,3,3,2,4,2,4,62,60,,4,2,3,3,2,4,3,58,57,,3,4,3,3,50,49,,3,,3,3,4,6,5,,4,2,3,4,2,3,3,4,2,5,2,,,,,3,3,4,2,2,3,3,4,2,4,3,3,4,2,4,2,Low
Mali,MLI,Rest,2013,Rest,Rest,Rest,Rest,2018,Rest,2020,Rest,Rest,,5,4,1,2073,1,West Africa,0,,35,38,4,,3,3,3,3,3,3,55,52,,2,3,3,3,44,41,,3,3,3,3,2,39,39,,5,1,5,1,3,3,24,11,,3,3,3,2,4,2,4,2,41,44,,2,4,2,2,3,4,43,39,,2,2,1,4,2,4,2,25,22,,4,2,5,1,3,4,3,2,4,1,42,39,,3,2,3,3,3,3,3,49,47,,4,2,3,3,3,3,3,48,47,,2,3,2,2,41,37,,1,,3,3,4,2,4,,4,2,,,,,,,,,,,,,,5,2,3,3,4,4,2,4,2,5,1,2,5,1,5,2,Very Low
Malta,MLT,Rest,2013,Rest,Rest,Rest,2017,Rest,Rest,Rest,Rest,2022,,1,1,4,38778,4,Europe,0,,66,63,8,,4,2,3,3,2,4,50,45,,4,5,4,4,86,85,,3,3,3,3,3,54,53,,2,4,2,4,3,3,66,74,,2,4,4,3,3,3,2,4,68,64,,2,4,2,3,3,3,44,37,,2,2,2,3,3,4,2,34,33,,1,5,2,4,4,4,2,4,4,2,62,63,,5,4,4,2,4,1,5,89,86,,2,4,2,4,1,5,4,78,83,,4,4,4,4,75,76,,2,,6,5,5,6,7,,3,3,,,,4,,,,,,3,5,3,3,3,3,,,,,,,,,,,,,,,High
Myanmar,MMR,Rest,Rest,Rest,2015,Rest,Rest,Rest,Rest,2020,Rest,Rest,,6,6,2,5261,3,East Asia & Oceania,0,,58,54,7,,3,3,3,3,3,3,54,48,,4,4,4,4,74,62,,3,3,2,4,3,64,55,,4,2,3,3,3,3,46,38,,3,3,3,3,4,2,3,3,53,38,,3,3,3,3,3,3,57,54,,3,3,3,3,3,4,2,46,42,,3,3,3,3,4,4,3,4,4,2,63,57,,4,4,4,2,4,2,4,73,70,,4,2,2,4,2,4,3,60,56,,3,4,4,4,70,67,,2,,3,5,6,3,6,,3,3,,,,,,,,,,,,,,,,,,,,,,,,,,,,,,Moderate
Montenegro,MNE,2012,2013,Rest,Rest,2016,Rest,2018,Rest,2020,Rest,Rest,,3,3,3,16400,4,Eastern Europe & Central Asia,0,,56,51,5,,3,3,3,3,2,4,60,58,,3,4,3,3,61,58,,2,4,3,3,3,59,58,,4,2,4,2,4,2,42,39,,2,4,3,4,4,2,2,4,63,60,,3,4,2,3,3,3,46,44,,3,2,2,3,3,5,1,33,28,,2,4,4,2,4,4,3,3,3,1,57,47,,4,3,4,2,4,2,4,70,69,,3,3,3,3,2,4,3,63,59,,3,3,3,3,53,49,,2,,4,4,5,5,5,,4,2,2,3,3,4,3,4,2,4,2,,,,,3,3,3,3,3,3,3,4,1,5,3,2,5,1,3,3,Moderate
Mongolia,MNG,Rest,2013,Rest,Rest,2016,2017,Rest,Rest,2020,2021,Rest,,1,2,2,12077,3,East Asia & Oceania,0,,63,61,7,,3,3,3,3,2,4,52,53,,4,4,4,4,79,76,,3,3,3,3,3,56,48,,3,3,3,3,2,4,59,53,,3,3,4,4,3,3,3,3,61,55,,3,3,3,3,3,4,57,55,,2,3,2,3,3,4,2,41,40,,2,4,3,3,5,4,3,4,4,1,59,62,,4,4,4,2,4,2,4,84,86,,3,3,2,4,1,5,3,71,72,,4,4,3,4,71,71,,2,,5,6,6,8,7,,3,3,4,3,3,4,4,4,2,4,2,3,4,4,4,3,3,,,,,,,,,,,,,,,High
Mozambique,MOZ,Rest,Rest,2014,Rest,Rest,Rest,Rest,2019,Rest,Rest,Rest,,5,4,1,1237,1,Eastern & Southern Africa,0,,,33,3,,4,2,4,2,3,3,40,28,,2,4,2,2,35,29,,3,3,4,2,3,47,41,,4,2,4,2,4,3,32,22,,4,2,3,3,4,2,4,2,46,34,,2,4,2,2,3,4,43,50,,3,2,2,4,2,5,1,39,18,,4,2,5,1,3,4,2,4,4,1,44,38,,3,2,2,3,3,4,2,37,31,,5,1,4,2,3,3,2,38,33,,2,3,2,2,33,26,,2,,4,3,4,3,3,,3,3,,,,,,,,,,,,,,3,3,2,4,3,2,4,3,2,4,2,3,3,3,4,3,Very Low
Mauritania,MRT,Rest,2013,2014,Rest,Rest,Rest,2018,Rest,Rest,Rest,Rest,,6,5,2,3713,1,West Africa,0,,,38,4,,3,3,4,2,3,3,48,41,,3,3,3,2,48,41,,2,4,3,4,3,60,48,,4,2,4,2,4,2,35,22,,3,3,3,2,4,2,3,3,52,41,,3,4,2,2,3,4,56,45,,2,2,1,4,2,4,2,23,21,,3,3,4,2,3,3,3,2,3,1,48,37,,2,3,2,3,3,4,3,36,43,,5,1,3,3,2,4,3,51,42,,2,3,2,3,52,44,,2,,4,3,5,3,4,,5,2,,,,,,,,,,,,,,3,4,2,4,2,3,3,4,4,2,2,2,5,2,3,3,Very Low
Mauritius,MUS,Rest,Rest,2014,Rest,Rest,Rest,Rest,2019,Rest,Rest,Rest,,1,2,3,21533,1,Eastern & Southern Africa,0,,69,56,7,,3,3,2,4,2,4,67,63,,3,4,4,4,71,70,,3,3,3,3,3,50,46,,3,3,3,3,3,3,58,46,,2,4,3,4,5,1,2,4,61,50,,3,5,1,4,3,4,54,49,,3,2,1,3,3,4,2,44,26,,2,4,3,3,5,4,2,4,1,1,61,54,,5,4,4,2,4,2,4,83,76,,3,3,3,3,2,5,3,63,62,,4,4,4,4,77,73,,2,,8,5,5,5,7,,4,2,,,,,,,,,,,,,,3,3,4,2,3,3,3,4,1,5,3,3,4,2,4,2,Moderate
Malawi,MWI,Rest,Rest,2014,Rest,Rest,Rest,Rest,2019,2020,Rest,Rest,,3,3,1,1447,1,Eastern & Southern Africa,0,,50,46,5,,3,3,3,3,2,4,66,64,,2,4,3,3,60,56,,4,2,3,3,3,47,50,,3,3,3,3,3,3,46,35,,2,4,3,3,2,4,3,3,65,58,,3,4,2,2,3,4,52,52,,1,1,1,4,2,5,1,17,17,,3,3,4,2,4,4,1,4,1,1,41,41,,3,3,3,2,4,2,4,62,53,,4,2,4,3,3,3,4,48,47,,3,4,3,3,58,48,,1,,8,5,5,8,5,,4,2,,,,,,,,,,,,,,4,3,4,2,3,3,3,3,3,3,3,2,4,2,5,1,Low
Malaysia,MYS,Rest,2013,Rest,Rest,Rest,Rest,2018,Rest,Rest,Rest,2022,,4,4,3,26591,3,East Asia & Oceania,0,,44,42,5,,4,2,4,2,4,2,37,32,,3,4,3,3,60,56,,4,2,4,2,2,24,17,,3,3,3,3,3,3,48,34,,3,3,3,3,4,2,3,3,50,50,,2,5,1,2,2,5,35,30,,2,2,1,4,2,4,2,26,17,,2,4,4,2,4,4,4,4,3,2,61,57,,3,3,3,4,2,3,3,54,46,,3,3,3,3,1,5,4,66,59,,2,3,2,2,42,39,,2,,6,5,5,6,4,,4,2,,,,,,,,,,,,,,3,3,4,2,3,3,3,4,3,3,3,2,4,2,3,3,Low
Namibia,NAM,Rest,Rest,2014,Rest,Rest,Rest,Rest,2019,Rest,Rest,Rest,,2,2,3,10184,1,Eastern & Southern Africa,0,,54,61,7,,2,4,3,3,2,4,72,69,,3,4,4,4,72,69,,2,4,3,4,3,67,61,,3,3,3,3,3,3,55,53,,2,4,4,4,3,3,2,4,75,69,,4,4,2,3,4,4,76,55,,2,2,3,3,3,4,2,45,37,,2,4,2,4,3,4,3,3,4,2,58,60,,4,3,4,2,4,2,4,81,62,,3,3,2,4,1,5,4,72,80,,4,4,4,3,69,67,,2,,8,6,6,6,6,,2,4,,,,,,,,,,,,,,2,5,2,4,4,2,4,4,2,4,4,4,2,4,4,3,High
Niger,NER,Rest,Rest,Rest,Rest,2016,Rest,Rest,Rest,Rest,Rest,Rest,,4,4,1,978,1,West Africa,0,,,52,6,,2,4,2,4,2,4,75,75,,3,4,3,3,56,56,,2,4,2,4,4,75,64,,5,1,3,3,4,3,29,35,,2,4,3,4,5,1,4,2,35,43,,3,4,2,3,3,3,45,44,,3,3,2,4,2,5,1,20,32,,3,4,3,3,4,3,5,1,4,1,63,50,,4,3,4,1,5,1,5,74,74,,4,2,3,3,3,4,3,40,43,,3,4,4,4,69,66,,1,,8,6,6,6,7,,3,3,4,3,3,4,3,3,3,3,3,,,,,,,,,,,,,,,,,,,,,Moderate
Nigeria,NGA,Rest,Rest,Rest,2015,Rest,Rest,Rest,2019,Rest,Rest,Rest,,4,5,2,5695,1,West Africa,0,,53,51,6,,2,4,2,4,2,4,80,62,,3,4,4,4,75,66,,3,3,3,3,3,48,55,,4,2,3,3,4,2,47,29,,2,4,2,3,3,3,3,3,56,51,,3,3,3,3,3,4,57,52,,2,2,2,4,2,4,2,34,24,,4,2,4,2,3,4,2,2,1,1,38,35,,3,4,4,2,4,2,4,78,69,,4,2,3,3,2,4,4,68,61,,4,4,4,4,75,72,,1,,5,4,4,4,6,,4,2,,,,,,,,,,,,,,2,4,4,2,3,3,3,4,2,5,4,4,2,4,4,2,Moderate
Nicaragua,NIC,Rest,Rest,Rest,Rest,2016,Rest,Rest,Rest,Rest,2021,Rest,,6,5,2,5936,2,Americas,0,,,33,3,,4,2,4,2,4,2,25,21,,2,3,2,2,31,35,,4,2,4,2,2,17,51,,3,3,3,3,3,3,41,41,,4,2,4,3,4,2,4,2,34,31,,2,4,2,2,3,4,37,36,,2,2,1,3,3,4,2,18,27,,4,2,4,2,3,2,2,3,2,1,16,31,,2,3,2,4,2,4,2,28,32,,4,2,3,3,2,4,2,39,45,,1,3,2,2,25,19,,1,,3,3,3,4,2,,4,2,2,4,2,3,2,3,3,5,1,,,,,,,,,,,,,,,,,,,,,Very Low
Netherlands,NLD,2012,Rest,Rest,Rest,Rest,2017,Rest,Rest,Rest,2021,Rest,,1,1,4,52982,4,Europe,1,,81,80,9,,1,5,1,5,1,5,93,92,,4,5,5,5,90,89,,2,4,1,5,4,87,68,,1,5,1,5,1,5,92,84,,1,5,4,4,3,3,2,4,81,80,,4,2,4,4,4,2,70,66,,4,3,3,2,4,2,4,68,66,,1,5,1,5,4,5,4,4,4,1,77,75,,5,5,5,1,5,1,5,93,88,,1,5,1,5,1,5,4,86,88,,5,5,4,5,89,88,,2,,8,7,7,7,9,,1,5,,,,5,,,,,,2,4,4,4,1,5,,,,,,,,,,,,,,,Very High
Norway,NOR,Rest,2013,Rest,Rest,Rest,2017,Rest,Rest,Rest,2021,Rest,,1,1,4,70320,4,Europe,1,,76,82,10,,2,4,2,4,1,5,80,78,,5,5,5,5,93,92,,2,4,2,4,4,77,69,,1,5,1,5,1,5,91,87,,1,5,4,4,2,4,1,5,86,85,,4,2,4,4,4,2,67,61,,4,3,4,2,4,2,4,73,73,,1,5,1,5,5,5,4,4,5,3,83,81,,5,5,5,2,4,2,4,92,92,,1,5,1,5,1,5,4,93,93,,5,5,5,5,94,93,,2,,9,8,8,8,9,,1,5,,,,5,,,,,,3,5,4,4,1,5,,,,,,,,,,,,,,,Very High
Nepal,NPL,Rest,2013,Rest,Rest,Rest,2017,Rest,Rest,Rest,Rest,2022,,3,4,1,2964,3,South Asia,0,,48,58,7,,2,4,2,4,2,4,74,73,,4,3,4,4,73,71,,2,4,2,4,3,65,60,,4,2,2,4,3,3,57,57,,2,4,3,4,4,2,2,4,61,57,,3,3,3,3,3,3,58,61,,3,2,2,4,2,3,3,42,31,,3,3,3,3,4,4,2,4,2,1,43,44,,4,3,4,2,4,2,4,76,74,,3,3,3,3,2,4,4,65,64,,4,4,4,4,73,70,,4,,6,5,6,6,7,,4,2,,,,4,,,,,,3,4,3,3,2,4,,,,,,,,,,,,,,,Moderate
New Zealand,NZL,Rest,Rest,2014,Rest,Rest,2017,Rest,Rest,2020,Rest,Rest,,1,1,4,39309,5,East Asia & Oceania,1,,76,75,9,,2,4,2,4,2,4,76,74,,5,5,5,5,95,94,,2,4,2,4,4,78,70,,3,3,2,4,2,4,73,56,,1,5,4,4,2,4,2,4,82,81,,3,3,3,4,3,2,55,54,,4,3,3,2,4,2,4,66,58,,1,5,2,4,5,4,4,4,5,2,82,78,,4,4,5,2,4,2,4,84,84,,2,4,2,4,1,5,4,84,85,,5,5,4,5,92,89,,2,,9,8,8,8,9,,1,5,,,,5,,,,,,4,4,3,3,2,4,,,,,,,,,,,,,,,Very High
Oman,OMN,Rest,Rest,Rest,2015,Rest,Rest,Rest,2019,Rest,Rest,Rest,,6,5,4,37671,3,Middle East,0,,,61,6,,4,3,4,3,3,3,63,48,,4,4,4,4,81,79,,3,3,3,3,3,56,53,,3,3,3,3,2,4,65,59,,4,2,4,3,2,4,3,3,55,55,,3,2,4,3,3,3,61,50,,3,2,2,3,3,3,3,51,43,,1,5,2,4,4,3,2,4,4,3,59,65,,4,4,4,3,3,3,3,73,70,,2,4,2,4,1,5,3,76,78,,3,4,3,4,61,65,,2,,6,6,6,6,6,,3,3,,,,,,,,,,,,,,2,4,2,4,3,2,4,3,2,4,2,3,3,3,3,3,High
Pakistan,PAK,Rest,2013,Rest,Rest,Rest,Rest,2018,Rest,Rest,Rest,Rest,,4,5,2,4827,3,South Asia,0,,45,47,6,,3,3,2,4,3,3,67,63,,3,4,3,3,59,55,,3,3,3,3,3,56,52,,3,3,3,3,2,4,59,51,,3,3,2,3,4,2,4,2,41,35,,2,2,4,3,3,4,57,54,,3,3,2,4,2,4,2,38,33,,4,2,4,2,4,4,3,2,2,2,48,41,,3,3,3,3,3,3,3,55,52,,4,2,4,2,2,4,3,48,43,,3,4,3,3,57,54,,3,,6,5,5,5,5,,3,3,,,,,,,,,,,,,,3,3,4,2,4,2,4,4,2,4,3,2,4,2,4,2,Low
Panama,PAN,Rest,Rest,2014,Rest,Rest,Rest,Rest,2019,Rest,Rest,Rest,,2,2,3,26850,2,Americas,0,,62,65,8,,3,3,3,3,2,4,63,59,,4,4,4,4,82,80,,3,4,2,4,4,71,60,,2,4,2,4,2,4,79,69,,2,4,3,3,2,4,2,4,74,68,,3,2,4,3,4,3,67,55,,3,2,2,4,2,4,2,41,31,,2,4,2,4,4,4,2,3,3,2,72,61,,4,5,4,2,4,2,4,87,83,,2,4,2,4,1,5,4,82,77,,4,4,4,4,84,80,,1,,5,5,4,5,8,,3,3,,,,,,,,,,,,,,2,4,2,4,4,3,4,3,2,4,4,3,3,3,4,3,High
Peru,PER,Rest,Rest,Rest,Rest,2016,Rest,Rest,Rest,2020,2021,Rest,,2,3,3,12962,2,Americas,0,,64,67,8,,2,4,1,5,2,4,74,76,,3,4,3,4,67,67,,2,4,2,4,4,76,63,,2,4,2,4,2,4,80,79,,2,4,4,3,3,3,2,4,62,63,,2,2,4,3,2,2,44,45,,3,2,2,3,3,2,4,46,49,,1,5,2,4,4,4,2,3,4,1,60,68,,5,4,4,1,5,1,5,87,85,,3,3,3,3,2,4,4,67,67,,4,4,4,4,75,76,,1,,5,5,4,5,7,,2,4,4,2,4,4,4,4,2,4,2,,,,,4,2,3,3,4,4,2,3,3,3,3,3,3,3,4,2,High
Philippines,PHL,Rest,2013,Rest,Rest,2016,Rest,Rest,2019,Rest,Rest,2022,,3,4,2,8129,3,East Asia & Oceania,0,,50,47,6,,3,3,3,3,2,4,55,45,,3,4,3,3,58,56,,3,3,3,3,3,47,52,,4,2,3,3,4,2,37,36,,3,3,4,3,4,2,3,3,54,52,,3,3,3,3,3,4,54,52,,2,2,2,4,2,4,2,24,19,,4,2,4,2,3,3,3,3,4,2,46,39,,4,3,3,2,4,2,4,67,65,,4,2,3,3,2,4,3,54,57,,3,4,3,3,57,55,,2,,5,5,4,5,5,,4,2,3,4,2,4,4,4,2,4,2,,,,,4,3,4,2,3,3,3,4,3,4,3,3,4,3,4,2,Low
Papua New Guinea,PNG,Rest,Rest,Rest,Rest,Rest,2017,Rest,Rest,Rest,Rest,2022,,4,3,2,3932,5,East Asia & Oceania,0,,36,40,3,,3,3,3,3,2,4,55,51,,2,3,2,2,28,30,,3,3,3,3,3,53,54,,5,1,5,1,4,2,7,14,,2,4,3,4,2,4,3,3,69,57,,3,3,3,3,3,4,52,55,,2,2,2,4,2,5,1,19,24,,5,1,5,1,3,3,2,2,2,1,21,31,,2,2,3,3,4,3,3,44,44,,4,2,2,4,4,2,3,39,38,,3,3,3,2,49,49,,3,,7,4,4,5,5,,5,1,,,,2,,,,,,3,3,3,3,2,4,,,,,,,,,,,,,,,Low
Poland,POL,Rest,Rest,Rest,2015,Rest,Rest,Rest,2019,2020,Rest,Rest,,2,2,4,30449,4,Eastern Europe & Central Asia,1,,65,71,8,,2,4,2,4,2,4,76,73,,4,4,4,4,80,79,,2,4,2,4,4,76,68,,2,4,2,4,2,4,80,73,,2,4,4,4,3,3,2,4,75,74,,3,4,2,3,3,3,51,47,,3,3,3,2,4,4,2,56,57,,1,5,2,4,4,4,4,4,4,1,72,75,,5,4,4,2,4,2,4,86,84,,2,4,2,4,1,5,4,78,80,,4,4,4,4,80,77,,2,,7,4,5,6,7,,3,3,,,,,,,,,,,,,,3,3,4,2,3,3,3,4,2,4,4,2,4,2,4,2,Very High
Portugal,PRT,Rest,Rest,Rest,2015,2016,Rest,Rest,2019,Rest,2021,2022,,1,1,4,33634,4,Europe,1,,76,74,9,,3,3,2,4,1,5,73,76,,4,4,5,5,91,91,,2,4,2,4,4,74,65,,2,4,3,3,3,3,60,47,,1,5,4,4,3,3,1,5,79,72,,4,2,4,4,4,3,65,60,,3,3,3,2,4,2,4,67,60,,1,5,1,5,5,5,4,4,4,1,75,74,,5,5,5,1,5,1,5,94,95,,1,5,2,4,1,5,4,86,87,,5,4,4,4,87,87,,2,,7,7,8,7,9,,1,5,5,1,5,5,5,1,5,2,4,,,,,2,4,2,4,4,2,4,4,1,5,4,4,2,4,4,2,Very High
Paraguay,PRY,Rest,2013,Rest,Rest,Rest,Rest,2018,Rest,Rest,Rest,Rest,,3,3,3,8671,2,Americas,0,,47,50,6,,3,3,3,3,2,4,53,49,,3,4,3,3,60,58,,2,4,2,4,3,67,59,,3,3,3,3,3,3,52,47,,2,4,2,2,3,3,2,4,57,51,,2,3,3,2,2,4,46,42,,3,2,2,5,1,4,2,28,22,,2,4,4,2,4,4,1,3,4,2,52,49,,3,4,3,2,4,2,4,69,65,,3,3,3,3,2,4,4,65,62,,2,4,3,3,54,49,,2,,3,4,3,5,5,,4,2,,,,,,,,,,,,,,3,3,2,4,3,4,2,3,2,4,4,2,4,2,3,3,Low
Qatar,QAT,Rest,Rest,Rest,Rest,Rest,Rest,Rest,Rest,Rest,2021,Rest,,6,5,4,93521,3,Middle East,0,,,65,7,,4,2,5,1,4,2,17,33,,4,4,4,5,81,81,,4,2,4,2,1,17,40,,5,1,5,1,3,3,17,57,,4,2,4,4,1,5,2,4,,69,,5,4,2,5,4,4,60,80,,4,,,3,3,2,5,,57,,1,5,1,5,4,3,1,5,1,1,53,62,,5,5,5,3,3,2,4,,83,,2,4,4,2,1,5,4,67,67,,4,4,4,4,67,67,,4,,5,7,5,5,6,,3,3,,,,,,,,,,,,,,,,,,,,,,,,,,,,,,High
Romania,ROU,2012,Rest,2014,Rest,2016,Rest,Rest,2019,2020,Rest,Rest,,2,2,3,25495,4,Eastern Europe & Central Asia,0,,55,55,8,,3,3,3,3,3,3,56,51,,3,4,4,4,68,63,,3,3,3,3,3,52,48,,4,2,4,2,3,3,46,38,,2,4,3,4,4,2,2,4,62,60,,2,3,3,3,2,3,44,40,,3,3,2,3,3,4,2,46,44,,2,4,3,3,4,4,3,3,4,2,58,51,,4,4,4,2,4,2,4,79,73,,2,4,2,4,2,4,4,75,68,,3,4,3,3,64,61,,2,,6,5,5,6,6,,3,3,4,2,4,4,4,3,3,4,2,,,,,3,3,4,2,2,3,3,4,3,4,3,2,3,3,4,3,Moderate
Russia,RUS,Rest,Rest,Rest,Rest,2016,Rest,2018,Rest,Rest,2021,Rest,,7,6,3,26911,4,Eastern Europe & Central Asia,0,,62,43,3,,4,2,4,2,4,2,28,28,,3,4,2,3,43,42,,4,2,4,2,2,30,52,,3,3,3,3,3,3,47,48,,4,2,4,3,3,3,4,2,41,40,,2,4,2,2,2,4,31,33,,2,2,2,3,3,4,2,24,32,,3,3,4,2,4,3,3,4,4,3,58,55,,2,3,2,3,3,4,2,36,38,,3,3,3,3,2,4,3,58,57,,2,3,2,2,36,33,,1,,3,3,3,5,3,,3,3,3,3,3,3,2,3,3,3,3,,,,,3,3,3,3,3,2,4,3,2,4,3,2,3,3,3,3,Low
Rwanda,RWA,Rest,2013,Rest,Rest,Rest,2017,2018,Rest,Rest,Rest,Rest,,6,6,1,1767,1,Eastern & Southern Africa,0,,69,58,6,,4,2,3,3,3,3,46,44,,4,4,3,4,75,65,,2,4,3,3,3,64,52,,2,4,2,4,2,4,84,69,,3,3,4,3,3,3,3,3,53,54,,3,3,3,3,3,2,39,46,,3,2,3,2,4,3,3,42,47,,2,4,2,4,4,3,2,4,4,1,55,54,,4,4,4,2,4,2,4,80,69,,2,4,2,4,1,5,3,71,76,,3,4,3,3,64,62,,2,,5,6,5,6,6,,2,4,,,,3,,,,,,2,3,3,2,3,3,2,4,3,4,2,3,2,4,3,3,3,3,3,3,Moderate
Sudan,SDN,Rest,Rest,Rest,2015,Rest,Rest,Rest,Rest,Rest,Rest,Rest,,7,7,2,4568,1,Eastern & Southern Africa,0,,35,43,4,,4,2,4,2,4,2,40,28,,3,3,3,3,58,49,,3,3,3,3,2,49,41,,4,2,3,3,4,2,49,39,,3,3,4,3,4,2,4,2,60,46,,2,4,2,2,2,4,46,37,,2,2,2,3,3,4,2,40,27,,3,3,4,3,3,3,2,3,3,2,54,45,,3,4,3,2,4,3,3,67,57,,3,3,2,4,2,4,4,65,59,,2,3,3,2,48,43,,3,,4,3,3,4,5,,,,,,,,,,,,,,,,,,,,,,,,,,,,,,,,,Low
Senegal,SEN,Rest,Rest,Rest,Rest,Rest,2017,Rest,Rest,Rest,Rest,2022,,3,3,2,3155,1,West Africa,0,,62,51,6,,4,3,4,2,3,3,40,40,,3,4,3,3,58,58,,2,4,2,4,4,61,60,,4,2,4,2,1,5,63,31,,3,3,4,4,4,2,3,3,53,51,,2,4,2,3,3,4,40,48,,3,2,2,3,3,4,2,31,35,,3,4,3,3,3,4,2,3,4,2,45,50,,4,4,4,2,4,2,4,75,70,,3,3,3,4,2,4,3,66,62,,3,3,3,4,53,53,,3,,6,5,5,8,6,,4,3,,,,4,,,,,,2,2,3,4,3,4,,,,,,,,,,,,,,,Moderate
Singapore,SGP,Rest,Rest,Rest,2015,Rest,Rest,Rest,Rest,2020,Rest,Rest,,4,4,4,92905,3,East Asia & Oceania,0,,59,59,6,,4,2,4,2,3,3,40,26,,4,4,4,4,79,81,,4,2,4,2,2,24,16,,2,4,2,4,1,5,88,79,,3,3,4,3,4,2,3,3,57,53,,2,4,2,3,2,3,38,42,,2,2,3,2,4,4,2,53,46,,1,5,2,4,4,3,3,4,4,2,51,67,,4,5,4,4,2,3,3,67,79,,2,4,2,4,1,5,4,81,83,,3,4,3,3,62,59,,2,,5,5,5,6,5,,2,5,,,,,,,,,,,,,,,,,,,,,,,,,,,,,,Moderate
Solomon Islands,SLB,Rest,Rest,2014,Rest,Rest,Rest,Rest,2019,Rest,Rest,Rest,,3,3,2,2451,5,East Asia & Oceania,0,,63,60,7,,2,4,2,4,2,4,84,80,,4,3,4,4,73,70,,2,4,2,4,4,81,71,,3,3,2,4,3,3,55,51,,2,4,3,3,2,4,2,4,66,62,,4,2,4,3,4,4,66,61,,2,2,2,4,2,4,2,34,29,,3,3,3,3,4,4,2,3,2,2,62,43,,4,4,4,2,4,2,4,76,82,,3,3,2,4,3,3,4,63,60,,4,4,4,4,77,74,,3,,7,5,5,6,7,,3,3,,,,,,,,,,,,,,2,4,3,3,4,2,4,4,2,4,4,4,2,4,2,4,Moderate
Sierra Leone,SLE,2012,Rest,Rest,Rest,Rest,Rest,2018,Rest,Rest,Rest,Rest,,3,3,1,1409,1,West Africa,0,,,53,7,,2,4,3,4,2,4,74,63,,4,4,4,4,73,73,,3,4,3,3,3,54,48,,3,3,3,4,3,3,50,58,,2,4,2,3,3,3,3,3,60,53,,2,4,2,3,2,3,45,35,,3,3,2,2,4,4,2,40,33,,2,4,3,3,5,4,2,3,2,1,50,49,,4,2,4,1,5,1,5,81,63,,4,2,3,4,3,3,4,57,52,,4,4,4,4,72,69,,2,,5,3,3,4,6,,4,3,,,,,,,,,,,,,,3,3,2,4,3,3,4,4,2,5,3,3,4,2,4,3,Moderate
El Salvador,SLV,Rest,Rest,2014,2015,Rest,Rest,2018,2019,Rest,Rest,Rest,,2,3,2,8228,2,Americas,0,,61,55,7,,2,4,2,4,2,4,70,65,,3,3,4,4,69,65,,2,4,2,4,4,70,57,,3,3,3,3,3,3,53,46,,2,4,3,3,3,3,2,4,65,60,,2,2,4,3,3,3,53,47,,3,2,2,3,3,4,2,39,37,,2,4,3,3,3,4,3,4,3,1,58,51,,4,3,4,2,4,2,4,71,68,,3,3,3,3,2,4,4,66,58,,3,4,3,3,64,61,,2,,5,6,5,5,6,,3,3,,,,,,,,,,,,,,3,3,3,3,3,3,3,3,2,4,3,3,3,3,4,2,Moderate
Serbia,SRB,Rest,Rest,2014,Rest,2016,2017,Rest,Rest,2020,Rest,2022,,3,2,3,16593,4,Eastern Europe & Central Asia,0,,47,44,5,,3,3,4,2,3,3,51,49,,3,3,3,3,46,46,,2,4,3,3,3,60,57,,4,2,4,2,4,2,25,27,,2,4,4,4,4,2,3,3,54,53,,2,5,1,2,2,4,29,26,,2,2,2,3,3,4,2,30,29,,3,3,4,2,4,3,3,3,4,1,44,51,,3,3,3,2,4,3,3,54,52,,4,2,3,3,2,4,3,52,52,,2,3,2,2,38,38,,2,,4,3,3,5,4,,3,3,3,2,4,3,3,4,2,4,2,3,3,2,2,4,2,,,,,,,,,,,,,,,Low
Sao Tome & Principe,STP,Rest,Rest,2014,Rest,2016,Rest,2018,Rest,Rest,2021,2022,,2,2,2,3645,1,West Africa,0,,44,57,7,,2,4,2,4,2,4,74,68,,4,4,4,4,74,74,,3,3,3,3,3,56,53,,3,3,3,3,3,3,53,51,,2,4,4,4,3,3,2,4,64,63,,4,3,3,3,3,3,59,54,,3,2,1,3,3,4,2,38,28,,2,4,3,3,4,4,2,3,3,1,49,55,,4,3,4,2,4,2,4,72,63,,3,3,3,3,2,4,4,58,65,,3,4,3,3,62,64,,2,,5,6,7,6,6,,3,3,3,3,3,3,3,4,2,4,2,,,,,3,3,3,3,3,2,4,2,1,5,5,3,4,2,3,3,Moderate
Suriname,SUR,Rest,Rest,Rest,2015,Rest,Rest,Rest,Rest,2020,Rest,Rest,,2,3,3,16228,2,Americas,0,,,53,6,,3,3,3,3,2,4,60,54,,3,4,3,4,66,63,,3,3,3,3,3,56,55,,3,3,4,3,3,3,53,47,,2,4,4,4,4,2,2,4,68,62,,3,4,2,3,3,3,58,48,,3,2,2,3,3,5,2,40,30,,2,4,3,3,4,4,2,3,2,1,43,51,,3,2,4,3,3,2,4,61,61,,4,2,3,3,2,4,4,62,63,,3,4,3,3,61,58,,2,,7,5,5,6,6,,3,3,,,,,,,,,,,,,,,,,,,,,,,,,,,,,,Moderate
Slovak Republic,SVK,Rest,Rest,2014,Rest,2016,Rest,Rest,2019,2020,Rest,Rest,,1,1,4,30744,4,Eastern Europe & Central Asia,1,,77,76,9,,2,4,2,4,2,4,77,75,,4,5,4,5,90,90,,2,4,2,4,3,71,65,,2,4,1,5,2,4,87,80,,1,5,4,4,3,3,1,5,82,81,,4,2,4,4,4,3,61,63,,4,4,3,3,3,3,3,59,58,,1,5,2,4,5,5,3,4,3,1,73,71,,5,4,5,1,5,2,4,88,89,,2,4,1,5,1,5,4,80,84,,4,5,4,4,86,87,,2,,5,5,5,7,8,,2,4,4,1,5,5,5,2,4,3,3,,,,,3,3,4,2,4,2,4,4,2,4,4,3,3,3,3,3,Very High
Slovenia,SVN,2012,Rest,2014,Rest,Rest,2017,2018,Rest,Rest,Rest,2022,,1,1,4,34974,4,Eastern Europe & Central Asia,1,,70,76,8,,2,4,2,4,2,4,80,78,,4,4,4,5,82,81,,2,4,2,4,4,77,66,,2,4,1,5,1,5,91,85,,2,4,4,4,3,3,2,4,79,77,,3,3,3,3,3,3,49,58,,4,3,3,2,4,2,4,66,64,,1,5,1,5,5,4,4,4,4,1,79,77,,5,4,5,1,5,1,5,92,90,,2,4,2,4,1,5,4,81,85,,4,5,4,4,81,84,,2,,6,5,5,7,8,,1,5,,,,5,,,,,,2,5,4,4,2,4,3,3,3,3,3,4,1,5,3,3,3,3,4,3,Very High
Sweden,SWE,Rest,Rest,2014,Rest,Rest,Rest,2018,Rest,Rest,Rest,2022,,1,1,4,50893,4,Europe,1,,86,82,9,,2,4,1,5,1,5,87,86,,4,5,5,5,92,81,,1,5,1,5,4,85,70,,1,5,1,5,1,5,95,91,,1,5,4,4,2,4,2,4,86,82,,4,2,4,4,4,2,69,67,,4,3,3,1,5,2,4,71,71,,1,5,1,5,4,5,5,5,5,1,85,82,,5,5,5,1,5,1,5,96,95,,1,5,2,4,1,5,4,90,90,,5,5,5,5,94,94,,2,,9,8,8,8,9,,1,5,,,,,,,,,,,,,,2,4,2,4,4,2,4,4,1,5,4,4,2,4,3,3,Very High
Swaziland,SWZ,Rest,2013,Rest,Rest,Rest,Rest,2018,Rest,Rest,Rest,Rest,,7,6,2,7957,1,Eastern & Southern Africa,0,,48,42,4,,4,2,4,2,4,2,23,19,,3,3,3,4,62,60,,4,2,4,3,3,46,38,,3,3,3,3,3,3,54,45,,4,2,2,2,3,3,3,3,39,34,,3,3,3,2,3,3,49,41,,2,2,2,4,2,4,2,30,30,,3,3,3,3,3,3,3,3,3,2,46,41,,4,3,4,3,3,3,3,74,57,,4,2,3,3,2,4,3,57,50,,3,3,2,3,50,44,,2,,4,4,4,4,4,,3,3,,,,,,,,,,,,,,3,3,3,4,3,3,4,4,2,4,3,3,3,3,3,3,Low
Syria,SYR,Rest,Rest,2014,Rest,2016,Rest,Rest,Rest,2020,2021,Rest,,7,7,2,,3,Middle East,0,,19,23,1,,4,2,5,1,5,1,14,24,,2,2,1,2,18,22,,4,2,4,2,2,25,37,,5,1,5,1,4,2,12,23,,5,1,2,2,4,2,5,1,27,14,,1,5,1,1,1,3,21,16,,1,1,1,4,2,5,1,16,10,,4,2,4,2,3,1,2,2,2,1,29,23,,2,4,1,4,2,5,1,21,27,,2,4,2,4,3,3,1,58,51,,1,2,2,2,21,16,,1,,1,1,1,1,1,,4,2,2,5,1,2,1,4,2,5,1,,,,,,,,,,,,,,,,,,,,,Very Low
Chad,TCD,Rest,Rest,Rest,Rest,2016,Rest,Rest,Rest,Rest,2021,Rest,,7,6,1,1791,1,West Africa,0,,29,31,2,,4,2,4,2,4,3,28,28,,2,3,2,2,23,23,,4,2,5,1,3,28,34,,4,2,4,2,4,2,22,22,,4,2,3,4,4,2,5,1,35,37,,2,5,1,2,2,3,25,28,,1,2,1,4,3,4,2,17,17,,4,2,4,2,3,3,3,2,3,1,28,33,,2,4,2,4,2,4,3,31,47,,5,1,3,3,3,3,2,31,31,,2,4,2,2,36,36,,1,,3,2,3,2,3,,4,3,3,4,2,3,1,4,2,4,2,,,,,,,,,,,,,,,,,,,,,Very Low
Togo,TGO,Rest,2013,Rest,2015,Rest,Rest,Rest,Rest,2020,Rest,Rest,,4,4,1,1660,1,West Africa,0,,43,36,3,,4,2,4,2,3,3,39,30,,3,3,2,3,51,43,,4,2,4,2,2,32,23,,4,2,4,2,4,2,40,21,,3,3,4,3,3,3,4,3,57,49,,3,4,2,3,3,3,53,44,,2,2,2,4,2,4,2,34,24,,3,3,4,2,4,3,2,2,3,2,53,39,,3,3,2,3,3,3,3,48,41,,4,2,4,2,3,3,2,40,32,,2,4,2,2,50,37,,3,,3,3,2,2,2,,4,2,,,,,,,,,,,,,,,,,,,,,,,,,,,,,,Very Low
Thailand,THA,Rest,Rest,2014,Rest,Rest,Rest,Rest,2019,Rest,Rest,Rest,,6,5,3,17432,3,East Asia & Oceania,0,,54,45,4,,3,3,4,2,3,3,46,44,,2,3,2,3,48,37,,3,3,2,4,4,66,59,,3,3,3,3,3,3,59,53,,4,2,4,3,4,2,4,2,42,52,,2,3,3,3,3,4,50,45,,3,2,2,4,2,3,3,36,43,,4,2,3,3,3,3,3,3,4,1,59,44,,4,3,4,3,3,3,3,53,58,,4,2,3,3,4,2,2,39,36,,1,3,2,2,36,30,,2,,2,3,4,2,3,,3,3,,,,,,,,,,,,,,3,4,3,3,3,2,5,4,1,5,3,3,3,3,3,4,Low
Tajikistan,TJK,Rest,2013,Rest,2015,Rest,Rest,Rest,Rest,2020,Rest,Rest,,7,6,2,3064,4,Eastern Europe & Central Asia,0,,18,35,2,,4,2,5,1,4,2,30,18,,3,3,2,3,41,37,,4,2,4,2,3,40,46,,4,2,4,2,4,2,43,27,,4,2,3,2,4,2,4,2,35,26,,2,5,1,2,2,3,33,27,,2,2,2,4,2,5,1,24,27,,3,3,4,2,4,2,3,4,3,2,50,40,,2,4,2,3,3,4,2,42,46,,3,3,2,4,1,5,2,64,63,,2,3,2,2,39,30,,2,,3,3,2,3,2,,2,4,,,,,,,,,,,,,,,,,,,,,,,,,,,,,,Very Low
Turkmenistan,TKM,Rest,2013,Rest,Rest,Rest,2017,2018,Rest,Rest,Rest,2022,,7,7,3,15492,4,Eastern Europe & Central Asia,0,,34,33,2,,4,2,5,1,4,2,24,19,,3,3,2,3,43,42,,3,3,4,2,3,46,43,,4,2,4,2,4,2,29,34,,5,1,2,2,5,1,5,1,26,19,,1,5,1,2,2,2,17,18,,2,1,1,4,2,5,1,15,18,,3,3,4,2,3,1,2,3,4,1,38,35,,2,4,1,4,2,4,2,25,37,,2,4,1,5,1,5,2,77,79,,2,3,1,2,30,26,,1,,1,2,2,2,2,,3,3,,,,2,,,,,,2,2,1,1,3,3,2,4,2,2,4,2,2,4,2,2,4,2,3,3,Very Low
Timor-Leste,TLS,Rest,Rest,Rest,Rest,Rest,2017,2018,Rest,Rest,Rest,2022,,3,3,2,6310,3,East Asia & Oceania,0,,56,66,8,,3,3,3,3,2,4,66,66,,4,4,4,4,83,82,,2,4,2,4,4,69,54,,3,3,3,3,2,4,56,52,,2,4,3,3,3,3,2,4,66,70,,3,3,3,3,4,2,49,54,,3,3,2,3,3,3,3,43,44,,2,4,2,4,4,5,2,3,4,1,57,60,,4,4,4,1,5,1,5,87,84,,2,4,2,4,1,5,4,82,80,,4,4,4,4,80,78,,2,,6,6,6,6,7,,3,3,,,,4,,,,,,3,4,4,4,2,4,4,2,4,2,4,3,1,5,4,3,2,4,4,2,High
Tonga,TON,Rest,Rest,2014,Rest,Rest,2017,Rest,Rest,Rest,2021,Rest,,2,2,3,5363,5,East Asia & Oceania,0,,38,57,7,,3,3,3,3,3,3,59,53,,4,4,4,4,70,66,,3,3,2,4,3,56,57,,3,3,3,3,3,3,55,50,,2,4,3,3,3,3,2,4,54,55,,3,4,2,3,3,3,44,44,,2,2,2,4,2,3,3,34,39,,2,4,2,4,4,4,3,3,2,2,40,54,,4,4,4,3,3,3,3,69,73,,4,3,2,4,2,4,4,67,61,,3,4,3,4,65,73,,2,,7,5,5,5,7,,3,3,,,,4,,,,,,4,4,4,4,2,4,,,,,,,,,,,,,,,Moderate
Trinidad and Tobago,TTO,Rest,Rest,Rest,Rest,Rest,Rest,Rest,Rest,2020,Rest,Rest,,2,2,4,26125,2,Americas,0,,34,66,7,,3,3,2,4,2,4,65,67,,4,5,4,4,75,75,,3,3,3,3,3,47,46,,4,2,3,3,3,3,47,66,,2,4,4,4,3,3,2,4,70,75,,3,3,3,3,3,3,47,56,,2,3,2,3,3,4,2,33,59,,3,3,3,3,5,4,1,3,2,1,34,62,,4,4,4,4,2,3,3,35,83,,3,3,3,3,2,5,4,61,63,,4,4,3,4,65,72,,2,,7,5,6,6,6,,3,3,,,,,,,,,,,,,,,,,,,,,,,,,,,,,,High
Tunisia,TUN,Rest,Rest,2014,Rest,Rest,Rest,Rest,2019,Rest,Rest,Rest,,2,3,3,11614,1,North Africa,0,,56,59,7,,3,3,3,3,2,4,66,55,,3,4,4,4,74,74,,3,3,3,3,3,58,60,,3,3,3,3,3,3,56,51,,2,4,4,4,3,3,2,4,68,65,,3,3,3,3,3,4,55,47,,3,3,2,4,2,4,3,42,37,,2,4,3,3,4,4,2,4,4,2,66,57,,4,4,4,2,4,2,4,76,71,,3,3,2,4,2,4,3,68,65,,4,4,4,4,73,69,,3,,6,5,5,6,7,,4,2,,,,,,,,,,,,,,3,3,3,3,3,4,2,4,2,4,3,2,4,2,4,2,Moderate
Turkey,TUR,Rest,Rest,2014,2015,Rest,Rest,2018,Rest,Rest,Rest,Rest,,4,5,3,24087,4,Europe,1,,51,45,5,,4,2,4,2,3,3,38,28,,3,4,3,3,61,56,,3,3,3,3,3,50,43,,3,3,3,3,3,3,58,53,,3,3,3,3,4,2,4,2,50,42,,1,5,1,1,2,4,35,24,,2,2,2,3,3,5,1,34,25,,3,3,4,2,4,3,2,3,4,1,55,48,,3,4,3,3,3,3,3,67,61,,3,3,2,4,1,5,4,72,66,,2,3,3,3,52,45,,2,,3,2,4,5,4,,4,2,,,,,,,,,,,,,,4,2,4,2,2,2,4,3,2,4,1,1,5,1,4,2,Low
Taiwan,TWN,Rest,Rest,Rest,Rest,2016,Rest,Rest,Rest,2020,Rest,Rest,,1,1,4,,3,East Asia & Oceania,0,,73,77,9,,3,3,2,4,1,5,73,73,,5,5,5,5,95,95,,2,4,3,3,4,68,68,,1,5,1,5,1,5,91,92,,1,5,5,4,2,4,1,5,88,88,,3,2,4,3,3,4,62,62,,3,3,3,3,3,3,3,58,58,,1,5,1,5,5,4,1,4,2,1,56,57,,5,5,5,1,5,1,5,97,97,,2,4,2,4,1,5,5,87,86,,5,5,5,5,94,94,,1,,7,7,5,7,9,,2,4,4,2,4,5,5,3,3,4,3,,,,,,,,,,,,,,,,,,,,,Very High
Tanzania,TZA,Rest,Rest,Rest,2015,Rest,Rest,Rest,Rest,2020,Rest,Rest,,4,5,2,2716,1,Eastern & Southern Africa,0,,35,37,4,,4,2,4,2,4,2,30,23,,3,3,3,3,50,43,,3,3,3,3,3,50,41,,4,2,4,2,3,3,35,26,,4,2,3,4,3,3,4,2,50,42,,2,4,2,2,2,4,40,38,,2,2,2,4,2,4,2,32,24,,4,2,4,2,3,4,2,3,2,1,36,41,,3,2,3,3,3,3,3,47,44,,4,2,3,3,3,3,3,44,39,,2,3,2,2,41,36,,1,,6,4,5,6,4,,4,2,,,,,,,,,,,,,,,,,,,,,,,,,,,,,,Very Low
Uganda,UGA,Rest,Rest,Rest,Rest,2016,Rest,Rest,Rest,Rest,2021,Rest,,6,5,1,2123,1,Eastern & Southern Africa,0,,36,34,2,,4,2,4,2,4,2,34,34,,2,4,2,2,33,33,,3,3,3,3,3,47,38,,4,2,4,2,4,2,17,30,,4,2,3,3,3,3,4,2,46,46,,2,4,2,2,4,4,41,41,,2,1,1,4,2,5,1,14,13,,4,2,5,1,3,3,2,3,1,2,19,29,,2,4,2,3,3,4,2,41,40,,4,2,4,2,4,2,2,30,30,,2,4,3,2,39,39,,1,,5,3,4,3,3,,4,2,2,4,2,3,2,5,2,5,1,,,,,,,,,,,,,,,,,,,,,Very Low
Ukraine,UKR,2012,Rest,2014,Rest,Rest,Rest,Rest,2019,Rest,Rest,Rest,,3,3,2,9797,4,Eastern Europe & Central Asia,0,,50,52,7,,3,3,3,3,3,3,64,58,,3,4,3,4,67,61,,3,3,3,3,3,59,49,,4,2,3,3,3,3,48,36,,3,3,4,4,3,3,3,3,59,58,,3,3,3,3,3,4,56,47,,3,3,2,3,3,4,2,41,35,,3,3,4,2,3,4,3,3,4,1,56,49,,3,3,3,3,3,3,3,65,61,,3,3,3,3,2,4,3,67,62,,3,4,3,3,62,56,,1,,3,4,4,6,5,,3,3,,,,,,,,,,,,,,4,3,4,2,3,3,3,4,3,3,4,2,3,3,4,2,Moderate
Uruguay,URY,Rest,Rest,2014,Rest,Rest,Rest,Rest,2019,Rest,Rest,Rest,,1,1,4,22965,2,Americas,0,,86,77,10,,2,4,1,5,1,5,92,91,,5,5,5,5,96,95,,2,5,1,5,4,84,70,,1,5,1,5,1,5,96,82,,1,5,4,4,3,3,1,5,77,79,,4,2,4,3,4,2,54,64,,4,3,3,2,4,2,4,63,61,,1,5,1,5,4,5,1,3,1,1,58,61,,5,4,5,2,4,2,4,90,88,,1,5,1,5,1,5,4,87,94,,5,4,4,5,89,88,,1,,8,8,8,5,9,,1,5,,,,,,,,,,,,,,3,3,3,3,4,3,3,4,3,3,4,4,3,3,3,3,Very High
United States,USA,2012,Rest,2014,Rest,2016,Rest,2018,Rest,2020,Rest,2022,,2,1,4,59227,2,Americas,1,,59,62,7,,4,2,3,3,3,3,43,39,,4,4,4,4,80,78,,4,2,4,2,2,25,20,,4,2,3,3,2,4,45,45,,2,4,4,4,2,4,1,5,78,76,,3,2,4,3,3,3,61,57,,3,3,3,3,3,2,4,50,50,,2,4,2,4,3,4,4,4,4,2,67,68,,4,4,4,2,4,2,4,79,79,,3,3,3,3,2,4,4,63,61,,4,4,4,4,77,75,,2,,7,7,5,7,7,,1,5,5,3,3,5,4,1,5,3,3,,,,,,,,,,,,,,,,,,,,,High
Uzbekistan,UZB,Rest,Rest,Rest,2015,2016,Rest,Rest,Rest,Rest,2021,Rest,,7,7,2,6788,4,Eastern Europe & Central Asia,0,,48,40,3,,4,2,4,2,4,2,35,28,,4,4,2,3,60,53,,3,3,4,2,3,51,45,,4,2,3,3,3,3,40,42,,5,1,3,3,4,2,4,2,38,27,,2,4,2,2,2,2,33,24,,2,2,2,3,3,4,2,41,25,,2,4,4,2,4,2,3,3,3,2,53,42,,3,4,3,4,2,3,3,55,53,,2,4,2,4,1,5,2,67,75,,2,3,2,3,42,31,,1,,3,4,3,4,3,,2,4,2,3,3,3,1,3,3,3,3,,,,,,,,,,,,,,,,,,,,,Low
Venezuela,VEN,2012,2013,Rest,2015,Rest,Rest,2018,Rest,2020,Rest,Rest,,6,5,3,18212,2,Americas,0,,31,38,3,,4,2,4,2,4,2,34,26,,2,3,2,2,42,36,,3,3,4,2,2,43,40,,3,3,3,3,3,3,48,40,,4,2,4,3,4,2,4,2,50,44,,2,4,2,2,2,4,38,33,,1,2,1,3,3,5,1,28,19,,3,3,4,2,4,3,2,3,3,1,38,43,,3,3,3,4,2,4,2,48,44,,3,3,3,3,2,4,3,61,56,,2,3,2,2,37,30,,1,,2,2,4,3,3,,4,2,,,,,,,,,,,,,,3,3,3,3,2,3,3,3,2,4,3,2,4,2,4,2,Very Low
Vietnam,VNM,Rest,Rest,Rest,Rest,2016,Rest,Rest,Rest,Rest,2021,Rest,,7,6,2,8989,3,East Asia & Oceania,0,,54,39,4,,5,1,5,1,4,2,13,21,,3,4,2,3,57,54,,4,3,4,2,2,27,36,,3,3,3,3,4,2,40,41,,5,1,3,3,3,3,4,2,40,36,,2,5,1,2,2,3,26,26,,2,2,3,2,4,3,3,32,37,,2,4,3,3,4,2,2,3,2,1,45,42,,3,3,3,4,2,4,2,35,39,,4,3,2,4,2,4,2,53,56,,2,4,2,3,36,39,,2,,4,4,5,5,3,,2,4,3,3,3,3,2,3,3,4,3,,,,,,,,,,,,,,,,,,,,,Very Low
Vanuatu,VUT,Rest,Rest,Rest,Rest,2016,Rest,Rest,Rest,2020,Rest,2022,,2,2,2,3058,5,East Asia & Oceania,0,,64,60,8,,2,4,2,4,2,4,77,76,,4,4,4,4,73,73,,3,3,2,4,3,61,53,,4,2,4,2,3,3,33,20,,2,4,3,4,3,4,2,4,69,64,,4,2,4,3,4,4,69,68,,3,3,2,3,3,3,3,39,36,,2,4,3,3,4,4,4,3,3,2,59,51,,4,3,4,2,4,2,4,72,74,,3,3,2,4,1,5,4,71,71,,4,4,4,4,73,74,,2,,8,6,6,6,8,,3,3,4,2,4,4,4,4,2,4,2,,,,,,,,,,,,,,,,,,,,,Moderate
Samoa,WSM,Rest,Rest,Rest,Rest,2016,Rest,Rest,Rest,Rest,2021,Rest,,2,2,3,6383,5,East Asia & Oceania,0,,48,51,7,,4,2,4,2,4,2,33,25,,3,4,3,3,64,64,,3,3,3,3,4,56,60,,3,3,3,3,3,3,48,40,,4,2,3,3,3,3,2,4,54,48,,3,4,2,3,4,4,54,52,,3,3,2,3,3,4,2,33,33,,2,4,3,3,4,4,3,4,2,2,56,51,,4,4,4,3,3,3,3,62,69,,4,2,3,3,2,4,4,54,56,,3,4,4,4,64,60,,3,,8,6,6,5,7,,4,2,3,3,3,4,4,4,2,5,1,,,,,,,,,,,,,,,,,,,,,Moderate
South Africa,ZAF,Rest,Rest,2014,Rest,Rest,Rest,Rest,2019,Rest,Rest,Rest,,2,2,3,13708,1,Eastern & Southern Africa,0,,64,66,8,,2,4,3,3,2,4,76,74,,4,4,4,4,82,80,,2,4,2,4,4,74,64,,4,2,3,3,3,3,53,55,,2,4,4,4,3,3,3,3,71,69,,4,3,3,3,4,3,61,61,,3,2,2,3,3,4,2,38,44,,3,3,3,3,4,4,3,4,4,1,64,63,,4,4,4,2,4,2,4,83,76,,3,3,2,4,2,4,4,77,73,,4,4,4,4,77,73,,2,,8,5,5,5,7,,3,4,,,,,,,,,,,,,,2,4,4,2,4,2,4,4,2,4,4,4,3,3,3,3,High
Zambia,ZMB,Rest,Rest,Rest,2015,2016,Rest,Rest,Rest,Rest,2021,Rest,,4,4,2,3410,1,Eastern & Southern Africa,0,,46,42,5,,3,3,4,2,3,3,42,39,,2,3,3,3,52,47,,3,3,2,4,3,63,58,,4,2,4,2,4,2,39,33,,2,4,3,4,4,2,4,2,55,51,,2,4,2,2,2,4,35,31,,2,2,1,3,3,4,2,28,22,,4,2,4,2,4,4,2,3,2,2,42,38,,3,2,3,2,4,2,4,64,57,,4,2,3,3,2,4,4,56,53,,2,3,2,3,46,44,,1,,5,6,5,6,5,,4,2,3,4,2,4,3,4,2,4,2,,,,,,,,,,,,,,,,,,,,,Low
Zimbabwe,ZWE,Rest,2013,Rest,Rest,Rest,Rest,2018,Rest,Rest,Rest,Rest,,6,6,1,1934,1,Eastern & Southern Africa,0,,38,38,4,,4,2,4,2,4,2,37,30,,2,3,2,2,45,37,,4,2,3,3,3,44,39,,4,2,4,2,4,2,32,24,,3,3,3,4,3,3,3,3,60,53,,2,4,2,2,2,4,45,38,,2,2,2,4,2,4,2,28,20,,4,2,4,2,3,3,4,3,1,1,46,40,,3,3,3,3,3,3,3,54,49,,5,1,2,4,3,3,3,46,42,,2,3,2,2,43,37,,1,,5,3,5,3,4,,4,2,,,,,,,,,,,,,,3,3,4,3,3,3,3,4,3,3,3,3,4,2,4,2,Very Low